category,rank,public_name,external_id
Autos & Vehicles,1,Motor Trend Channel,UCsAegdhiYLEoaFGuJFVrqFQ
Autos & Vehicles,2,Kia Motors Worldwide,UCptyYDiGZ9hs1pH0AaoBTxA
Autos & Vehicles,3,Top Gear,UCjOl2AUblVmg2rA_cRgZkFg
Autos & Vehicles,4,HyundaiWorldwide,UC5f97D60yHa7UE9rFfbej8g
Autos & Vehicles,5,Антон Воротников,UCWZRANKlxNe_4QKiqBBCTOQ
Autos & Vehicles,6,StopXAM,UCR2lg_YchvWGbpMxHg-EIgg
Autos & Vehicles,7,Toyota USA,UC1pOTJteEef10zJM0cHs4iQ
Autos & Vehicles,8,1320video,UC0PXqiud6dbwOAk8RvslgpQ
Autos & Vehicles,9,Shmee150,UCIRgR4iANHI2taJdz8hjwLw
Autos & Vehicles,10,smotraTV,UCv2hYhRYO8Fmbs5mUemz2oQ
Autos & Vehicles,11,JoRick Revazov,UCfsGxVoovxM9kX8mZhdKp2Q
Autos & Vehicles,12,vitalino1980,UCMQCTweRp9G7qCQbJI9oeAg
Autos & Vehicles,13,Gumbal,UCwn0jaGbgMkYioOWBzMog1Q
Autos & Vehicles,14,ArmedForcesUpdate,UCD8bmW4A7eYzHrW7sXwsqwQ
Autos & Vehicles,15,Большой тест-драйв,UCQeaXcwLUDeRoNVThZXLkmw
Autos & Vehicles,16,СтопХамСПб,UCDi5ZW8DgHYwIHwYl2LcPwg
Autos & Vehicles,17,/DRIVE,UC5rBpVgv83gYPZ593XwQUsA
Autos & Vehicles,18,AutoMotoTube,UChI4p4l9OlVJ41c6AYQBtlw
Autos & Vehicles,19,spamsafe,UCBqWtrtVaxJK2KDsdtmTnsQ
Autos & Vehicles,20,Car Throttle,UCNBbCOuAN1NZAuj0vPe_MkA
Autos & Vehicles,21,GRIP - Das Motormagazin,UCak3selG2oi5vn7sbqdaULA
Autos & Vehicles,22,Saabkyle04,UC2dBZuI6gS-jv7PCIDXkXag
Autos & Vehicles,23,Toyota Global,UCu2Nnh9SBz5ax3NQFEnInyg
Autos & Vehicles,24,YouCar,UCW2OUlFrrWiZvSsZRwOYmNg
Autos & Vehicles,25,Dodge,UC6NMqrESrKioKr9axv_YM7w
Autos & Vehicles,26,toyotajpchannel,UCxvxIxnS9cjPyeebbiOd4lg
Autos & Vehicles,27,TheGacchannel,UC_4S7M87Wl_uE9tBtrxA_NQ
Autos & Vehicles,28,The Fast Lane Car,UC6S0jAvcapqJ48ZzLfva12g
Autos & Vehicles,29,Nissan,UCMZh9kMjQ6Yc_JuCNIp1UDw
Autos & Vehicles,30,BMW,UCYwrS5QvBY_JbSdbINLey6Q
Autos & Vehicles,31,Mighty Car Mods,UCgJRL30YS6XFxq9Ga8W2J3A
Autos & Vehicles,32,RM Videos,UCdAeRRjq6vjnAkxatZVxxxg
Autos & Vehicles,33,Honda,UC22zQ9nBEk6KOjUWqR5XXZg
Autos & Vehicles,34,Porsche,UC_BaxRhNREI_V0DVXjXDALA
Autos & Vehicles,35,Jay Leno's Garage,UCQMELFlXQL38KPm8kM-4Adg
Autos & Vehicles,36,otofun - Camera hành trình,UCZtwV0jsxQgfb7YcCijKj4Q
Autos & Vehicles,37,Marchettino,UCBzfdgfIAANfgP3xyhVaEfQ
Autos & Vehicles,38,That Racing Channel,UCgF0OC_3MlW2KEyhhAgIQjA
Autos & Vehicles,39,maxman.tv,UCNF7FrFO1LS4bteIV6npJWQ
Autos & Vehicles,40,JP Performance,UC1-VOKyTJrgLiBeiJqzeIUQ
Autos & Vehicles,41,Barcelona-El Prat In'tl,UCNo5XtuaFJ-U4GTthn54pag
Autos & Vehicles,42,StopXam,UCJIMS94jwjEmvnsNqkH_KUg
Autos & Vehicles,43,thejeepchannel,UCMWLdSdAyDcCy_OVzONKm0w
Autos & Vehicles,44,FunnyDG,UC-Vn_yBa4VUfX56pq_px2vw
Autos & Vehicles,45,MadRam11,UCQMYWynQkK-Q-sd0u2_rF0A
Autos & Vehicles,46,Autocar,UCIMzhx509wEXMuGkTK-kD9Q
Autos & Vehicles,47,nissancanada,UCbBrk4JwHch79P-SzDKIOMQ
Autos & Vehicles,48,Audi Deutschland,UCNpLPsSmanPaD83VtTgMb3g
Autos & Vehicles,49,Max Mix,UCg2BAc_LMbbw7pn0BFuKVtg
Autos & Vehicles,50,BMW USA,UCBSVw6f8KBFLn7r1cQsFhLw
Autos & Vehicles,51,7 Car Crash Compilation,UCCJvN30up_Sunwgvprt-M_w
Autos & Vehicles,52,TheHoonigans,UCXlfi8sf6cKGQ8sOd0-yRuw
Autos & Vehicles,53,Fiat Automóveis Brasil,UCww4HYJZlIk3fRgqTWEW4cA
Autos & Vehicles,54,Mercedes-Benz USA,UCfRUa1Z5gTknsMMaKLthZIg
Autos & Vehicles,55,Cella Titta,UCCSjM_zelGBZ8Q3jrPGWvXA
Autos & Vehicles,56,KLE621FULL,UC4UI7s987kPE-_FZwO5RrBw
Autos & Vehicles,57,AUTO BILD TV,UCJrXOOtvmGn4CF7aYaJwuHA
Autos & Vehicles,58,Kia Motors America,UCbp3o7U6oSa6s-LQBZvOnGg
Autos & Vehicles,59,RoadCrash500,UCi25Xdk-495BahMAAgKHXQA
Autos & Vehicles,60,Peugeot,UC1VOZroPEnEaDDEqnMtdgiw
Autos & Vehicles,61,ThatDudeinBlue,UCvLaRcvwQq4RCX-ER_zEG5w
Autos & Vehicles,62,ArabGT.com,UCrvHY7epa3hXaxsK6tdsp-A
Autos & Vehicles,63,鈴川絢子/Suzukawa Ayako,UCrd9neCNtPkvQukpNTYrP4Q
Autos & Vehicles,64,ohiko2000,UC_kYlv-j7o3j1979t35htzQ
Autos & Vehicles,65,Subaru,UCw0N2zPZlYsrUcVIJkI6mBA
Autos & Vehicles,66,Tractorspotter,UCBoXjMgqTNDcY395KJQkSRw
Autos & Vehicles,67,leokimvideo,UCh-sQC1L3J7xicFO1Bo5DeQ
Autos & Vehicles,68,FastLaneDaily,UCvfjriBh19Ddej0thncagUA
Autos & Vehicles,69,BruderSpielwaren,UCcGrqVONDKiBiRjNKI8EsOQ
Autos & Vehicles,70,MINI,UCuCQXqQLAQuTObCGlTYDE3w
Autos & Vehicles,71,Hankook Tire Global Official Page,UCydnzlUFgv1qoVL4puLczJw
Autos & Vehicles,72,Auto Express,UCYCgq9pdIv95dnjMPFdk_DQ
Autos & Vehicles,73,monsterchannel24,UCZQRVHvPaV4DRn3tp8qrh7A
Autos & Vehicles,74,EVO,UCFwzOXPZKE6aH3fAU0d2Cyg
Autos & Vehicles,75,Rotana Masriya,UCJY3eGNWSFRi5YnQiUyIgRA
Autos & Vehicles,76,MusicCrash555,UCwC1CTWSYnRT8YcuGa-NF-Q
Autos & Vehicles,77,LandRoverMENA,UCl-HaapbCqGDw4SKfcSAqvw
Autos & Vehicles,78,Monthly Failz,UCDhhn9AA_39lbEK6jiLJbHw
Autos & Vehicles,79,RoyalJordanian,UCgef_fFE9FEFZGQcHqp9aZw
Autos & Vehicles,80,DragtimesInfo,UCT8Rf6QQeFADwyyPTrGgT4Q
Autos & Vehicles,81,FIAT USA,UCit9X9KT2rmW7IIzQs4cdIw
Autos & Vehicles,82,المربع نت,UC6PtMAu4aHLS2Cz9d1SkDfg
Autos & Vehicles,83,BustedKnuckleVideo,UCwJOLhqkBHVnT5wA1mkOzdg
Autos & Vehicles,84,Fiat,UC_nBvBIV0K6P5C3tA27Hwrg
Autos & Vehicles,85,URBAN HILLBILLY VIDEOS,UCLj9FG9lupCV-sRdfGx6DWg
Autos & Vehicles,86,EXTREME INEAMM,UCaHhsFQFrp5Ytbk0FklLyAQ
Autos & Vehicles,87,Hasan Kutbi,UC3ja-WVbXJf-9pOMrcmiw1A
Autos & Vehicles,88,Chevrolet,UCSVpCNZzOeMekuMiFze3fnQ
Autos & Vehicles,89,Winding Road Magazine,UCeiBi8gptAwNoIHrZ3OUUbw
Autos & Vehicles,90,buycartv,UC-MByr5LRnWmVN94Ija4XJg
Autos & Vehicles,91,TheSmokingTire,UCgeGealT0QYcrnoYRMltDZg
Autos & Vehicles,92,GTBOARD.com,UCEe-43j9WUt6A0pHBppRJ_A
Autos & Vehicles,93,Ford Thailand,UCl4aCuVCJSs0dLD1G-aD33A
Autos & Vehicles,94,Nissan Brasil,UChpihrq2RRLyzgLtpcoMVbw
Autos & Vehicles,95,СтопХам Петрозаводск,UCAtPtX1EQ4RgRoqs17-opMg
Autos & Vehicles,96,HighSpeedManiaNET,UCB7n_CJp_maWvHKVWPFGYcw
Autos & Vehicles,97,AutoGuide.com,UCV1nIfOSlGhELGvQkr8SUGQ
Autos & Vehicles,98,Carbuyer,UCULKp_WfpcnuqZsrjaK1DVw
Autos & Vehicles,99,Fifth Gear,UCa6xsp7d4s-NgpPUGc57ZGA
Autos & Vehicles,100,IIHS,UCQ7rCjQe2LSyl9uT7A9Zr4g
Comedy,1,The Tonight Show Starring Jimmy Fallon,UC8-Th83bH_thdKZDJCrn88g
Comedy,2,Jimmy Kimmel Live,UCa6vGFO9ty8v5KZJXQxdhaw
Comedy,3,enchufetv,UCoGDh1Xa3kUCpok24JN5DKA
Comedy,4,FailArmy,UCPDis9pjXuqyI7RYLJ-TTSA
Comedy,5,CollegeHumor,UCPDXXXJj9nax0fr0Wfc048g
Comedy,6,HikakinTV,UCZf__ehlCEBPop-_sldpBUQ
Comedy,7,5sonlinevietnam,UCL2BnoeVmDODuNEPuxobpug
Comedy,8,Talking Tom,UCm3hAp1m1xlAz0ve_EKAo4g
Comedy,9,IISuperwomanII,UCfm4y4rHF5HGrSr-qbvOwOg
Comedy,10,Team Coco,UCi7GJNg51C3jgmYTUwqoUXA
Comedy,11,はじめしゃちょー（hajime）,UCgMPP6RRjktV7krOfyUewqw
Comedy,12,ExplosmEntertainment,UCWXCrItCF6ZgXrdozUS-Idw
Comedy,13,Miranda Sings,UC1OFDlfdRb6ma1ZGZd07gWA
Comedy,14,Comedy Central,UCUsN5ZwHx2kILm84-jPDeXw
Comedy,15,elrubiusOMG,UCXazgXDIYyWH-yXLAkcrFxw
Comedy,16,NORMAN,UCww2zZWg4Cf5xcRKG-ThmXQ
Comedy,17,JennaMarbles,UC9gFih9rw0zNCK3ZtoKQQyA
Comedy,18,Cyprien,UCyWqModMQlbIo8274Wh_ZsQ
Comedy,19,Just For Laughs Gags,UCpsSadsgX_Qk9i6i_bJoUwQ
Comedy,20,Barely Political,UCEmCXnbNYz-MOtXi3lZ7W1Q
Comedy,21,Bart Baker,UCazMm3tOCkYrIGE_17j0mVg
Comedy,22,Официальный канал КВН,UCSZ69a-0I1RRdNssyttBFcA
Comedy,23,ThatcherJoe,UCuouUWCLmpG4Dje3Ay0p1oQ
Comedy,24,Cauet,UCe2YQ986DdKliHNvE8va4kQ
Comedy,25,AdamThomasMoran,UC-27_Szq7BtHDoC0R2U0zxA
Comedy,26,whatever,UC37PFGlxWgx4tU6SlhPCdCw
Comedy,27,UhOhBro,UCf574zNwJnOr_1qdoT7tdGQ
Comedy,28,PrankvsPrank,UCgefQJC5UgbWJHDxBqB4qVg
Comedy,29,McJuggerNuggets,UCMz7JFeTmiO2oJgtmYhpUmQ
Comedy,30,Galo Frito,UCyb0T6J6nL5ibo0HLRMINKw
Comedy,31,overboardhumor,UCPSGGjY1tWmMd8O2WiEjgYg
Comedy,32,jacksfilms,UCPcFg7aBbaVzXoIKSNqwaww
Comedy,33,Break,UClmmbesFjIzJAp8NQCtt8dQ
Comedy,34,our2ndlife,UCobV_oWSV4-YgbYnqrkaX9w
Comedy,35,Coby Persin,UC-DUrA-h7-s_C57ECJ1BFPA
Comedy,36,صاحي Sa7i,UCw5nIlwE0OHkNuIe1ty0lxQ
Comedy,37,PsychoSoprano,UCR-QYzXrZF8yFarK8wZbHog
Comedy,38,nigahiga,UCSAUGyc_xA8uYzaIVG6MESQ
Comedy,39,Gags Network,UCIZTcU6Xp-dJkYPswQZNqsw
Comedy,40,5 Alguma Coisa,UCLAumKr0O_z6r6RPiummR1g
Comedy,41,Le Woop,UCm3C3OSgcyzaTBXrNRupB3Q
Comedy,42,Golden Moustache,UCJruTcTs7Gn2Tk7YC-ENeHQ
Comedy,43,東海オンエア,UCutJqz56653xV2wwSvut_hQ
Comedy,44,Kompas TV,UCylgEewgtpmPLgprpFvscKg
Comedy,45,JinkiesTV,UCN5DIICIAeZFoyp2Kg8gkvA
Comedy,46,Ownage Pranks,UCxOGHW-aqciBe5Wjq8ltzOg
Comedy,47,Good Mythical Morning,UC4PooiX37Pld1T8J5SYT-SQ
Comedy,48,Студия Квартал 95 Online,UCfCVlxInB4VuaDFLGqEQqaA
Comedy,49,fouseyTUBE,UC1r4VtVE__5K6c_L_3Vlxxg
Comedy,50,Joe Weller,UCLk9wddjT0F-HILLRFXodtg
Comedy,51,AuronPlay,UCyQqzYXQBUWgBTn4pw_fFSQ
Comedy,52,Bad Lip Reading,UC67f2Qf7FYhtoUIF4Sf29cA
Comedy,53,whinderssonnunes,UC3KQ5GWANYF8lChqjZpXsQw
Comedy,54,Simple Pickup,UCFns-k9UgOhVRnKHdynzU2A
Comedy,55,POPSTVVIETNAM,UC6K3k5O0Dogk1v00beoGMTw
Comedy,56,MagicofRahat,UCCsj3Uk-cuVQejdoX-Pc_Lg
Comedy,57,Palmashow,UCoZoRz4-y6r87ptDp4Jk74g
Comedy,58,FUNnel Vision,UC3FBdA2krgGmdGdqxqDjElA
Comedy,59,Rakamakafo,UCtHimY-CLBNM_Rn79-T7ZQA
Comedy,60,Кухня (сериал),UCiUiZUDSpuiMiiecRBEOZEQ
Comedy,61,EU FICO LOKO,UCwQSkyrft0ohf-ra21yIs9Q
Comedy,62,MysticGotJokes,UCXgfQbfVvYA9G9-Jb9cBSYg
Comedy,63,MySpassde,UCGcheBSVngQt09ubb0BZyJw
Comedy,64,Novelas y Series Univision,UCyd8nXAyK4_tHfM98KOxQ6A
Comedy,65,Ricky Dillon,UCBxs6sUSOJ3UUATAi4rp30w
Comedy,66,PewDiePie,UC-lHJZR3Gqxm24_Vd_AJ5Yw
Comedy,67,TheBrianMaps,UCyJrhZm9KXrzRub3-wD2zWg
Comedy,68,Redmau,UC-k-Rld-31VU588OAEWC0DA
Comedy,69,DebRyanShow,UC2APpwfAlZU8X0EezmhuXUQ
Comedy,70,Le Rire Jaune,UCTt2AnK--mnRmICnf-CCcrw
Comedy,71,Joe Tube جو تيوب,UCOKsFInOx-GzAEZvjloIj6g
Comedy,72,America's Funniest Home Videos,UC_zEzzq54Rm0iy7lmmZbCIg
Comedy,73,Rémi GAILLARD,UCmPSwsooZq8an7xOLQQhAdw
Comedy,74,EeOneGuy,UCrFiA0hztL9e8zTi_qBuW4w
Comedy,75,PrankAttacks,UCWm2S7ITZZPd2_UzMvBSshg
Comedy,76,Mr Bean Cartoon World,UCzoFjzSkbrDD1GHsz2YNLig
Comedy,77,LIONTTV,UChApbc4FLJC3DJLLryGgCSQ
Comedy,78,TomSka,UCOYWgypDktXdb-HfZnSMK6A
Comedy,79,Studio Bagel,UCZ8kV8vuMdDLSerCIFfWnFQ
Comedy,80,BestVine,UCstqC9y3oqzpNCTkh-_Ut8g
Comedy,81,VineADD TV,UCy0S4ABTUfuGaWpTeSflHLQ
Comedy,82,HahaTV,UC5GfkRipCgMWa9asGx8S68Q
Comedy,83,Flashgitz,UCNnKprAG-MWLsk-GsbsC2BA
Comedy,84,Rclbeauty101,UCB0d0JLn1WcGYcwwZ87d2LA
Comedy,85,naomi107yeh,UCNoeMd-St-c-7Nw0b2zrr_w
Comedy,86,التمساح,UCTxW7HKOZB4rnPOmBNY7dmw
Comedy,87,FUNNY VideoS,UCeLv3h_HSbUifncBFrXHdPg
Comedy,88,Late Night with Seth Meyers,UCVTyTA7-g9nopHeHbeuvpRA
Comedy,89,Les Tutos,UCsxMBRUkXRFAYwH2TLm4o0A
Comedy,90,ThisIsACommentary,UCTpwJfKOMcaGOrVdccjnbQQ
Comedy,91,แกล้งคน สุดฮา,UCj9wVjgh1TmUPCwrSSWly7Q
Comedy,92,Whitney Avalon,UCNyJk0eoESO3CxAmrktAB5w
Comedy,93,GhostRobo,UCL9QTpkZUW8iW_0Y4XKWhrA
Comedy,94,Barbixas,UCZbgt7KIEF_755Xm14JpkCQ
Comedy,95,Dorkly,UCHdos0HAIEhIMqUc9L3vh1w
Comedy,96,La Fênix,UCHAx8o0jj-8L_sqR5QM1Cwg
Comedy,97,Le Dézapping du Before,UCiMgBV0puDbAGdDUcVyNdVA
Comedy,98,CanalCanalha,UCPHXtOVmjvbP9OJihsd7gCg
Comedy,99,QueNoMeJodas,UCEXreSptvV-uIrs4JcX4upw
Comedy,100,Trollstation,UCzN_QwrNpAMWxVIjZKKSkPQ
Education,1,LittleBabyBum ®,UCKAqou7V9FAWXpZd9xtOg3Q
Education,2,ChuChu TV Kids Songs,UCBnZ16ahKA2DZ_T5W0FPUXg
Education,3,TheEngineeringFamily,UC44eGZ76AJLHAxPaJ_MW2RA
Education,4,Mother Goose Club,UCJkWoS4RsldA1coEIot5yDA
Education,5,Kids Channel,UC3KknIJZXRygH2pZ6MDtGbg
Education,6,CVS 3D Rhymes,UCsPF3cApzCohxPp5oKdoWSQ
Education,7,Danger Dolan,UCgJjd8J5moTQSwnCIx4WSIw
Education,8,Super Simple Songs,UCLsooMJoIpl_7ux2jvdPB-Q
Education,9,Kids Tv,UC7Pq3Ko42YpkCB_Q4E981jw
Education,10,Busy Beavers,UCbt63GNsB5wet6NO3dmhssA
Education,11,My Superhero Rhymes,UCnP-q-qtkyk6dnXSLp0SllQ
Education,12,Matthew Santoro,UCXhSCMRRPyxSoyLSPFxK7VA
Education,13,ABCkidTV,UCbCmjCuTUZos6Inko4u57UQ
Education,14,Alltime10s,UCGi_crMdUZnrcsvkCa8pt-g
Education,15,Finger Family Songs,UCc-YCLZsBzb3tytzEDToZVw
Education,16,Videogyan Kids - Nursery Rhymes For Children,UCs0upBDG-dCAxy8_VDPE5XA
Education,17,Top Trending,UCtg5C-d_3rPUgMaxr285mQQ
Education,18,HooplaKidz,UC3djj8jS0370cu_ghKs_Ong
Education,19,Solnishkam,UCZLpYvytvI4PZCs4gmtzqgQ
Education,20,KidsCamp,UCjVkjd2VWCWO-9DHRQER3Yg
Education,21,My Kiddy World,UCFopxPIzSmGxO3tlb5cq3RQ
Education,22,Toddler World TV,UCSWRu9m-HZANpMBBQuEf14g
Education,23,Kids Tv Channel,UCU_If3OQp9FPHoP1BteFNlA
Education,24,MagicBox English Kids Channel,UCpbG0QvrvdpBAegtY_ebeEw
Education,25,Muffin Songs,UCvkvmLBdHodQ-a-6LeYFP0Q
Education,26,SuperHero Finger Family,UCCFvB7uMIGYE9zOPim66cSw
Education,27,Мизяка Дизяка,UCd9SVWsoWGWLG_hoqOw5piQ
Education,28,Top10Media,UCfTUswmQObxF425UD48Paig
Education,29,infobells - Telugu,UCHvoq_rGmOKJKGId1nD1V4Q
Education,30,TheRichest,UCdxi8d8qRsRyUi2ERYjYb-w
Education,31,SciShow,UCZYTClx2T1of7BRZ86-8fow
Education,32,HooplaKidz TV,UCMfZ_z0LUm805JOZLktl2QQ
Education,33,AfacanTV,UC0gaQo_koRNiYSSblRyXC0g
Education,34,Mother Goose Club Playhouse,UC6zPzUJo8hu-5TzUk8IEC2Q
Education,35,Kids Baby Club,UC4iRwR3TPWhz1Gstf0sGZhg
Education,36,oh my genius,UCQgcmn4OVaKczXEo45iT_fA
Education,37,Dark5,UCRQebyNJm9YRyO5h0eWEVhw
Education,38,mirglory Chajka,UCBQlRqLAB1mstRpYlWXvFXA
Education,39,APPUSERIES,UCs7on9W7SIbyO4f-Pb7lgbg
Education,40,TopZehn,UC9nQ7miOaueVvDIF5bpc38w
Education,41,BabyFirst TV,UCmJ6eP-7_6gqm8moQukzd4A
Education,42,The Kids' Picture Show,UCERmUv0brIpW1JEBbEtNGdw
Education,43,Turtle Interactive,UCe2lzwsff4Jr-CrMxDVVF5A
Education,44,OrganicLearning,UCbYUa_MhIQFoS1i0xaNDjTQ
Education,45,Wacky Wednesday,UCVk90Gy_bAnKfyeyEbH3-nw
Education,46,Mizyaka Dizyaka ENG,UCCgom-QQIOMQPJ42-E8eqdg
Education,47,coilbook,UCV1SycDpnU1A2dXqob6Aowg
Education,48,Baby Nursery Rhymes,UChRZS2yZ2TDEO13e3g4zHTQ
Education,49,زد رصيدك 4,UCLCBelsE3F8CMxc5UJjqvZQ
Education,50,wheels on the bus,UCVd8sHiijL9nO_57uJAUV6g
Education,51,CrashCourse,UCX6b17PVsYBQ0ip5gyeme-Q
Education,52,Cool School,UCG4dadF2w8Z95qz-vJ3WkqQ
Education,53,FluffyJetProductions,UCVE91qOw9Ke8EsK95lMuF2Q
Education,54,Katie Cutie Kids TV,UCE5910LWuMTGWmIJ_WE3KvA
Education,55,МультPRO,UC989Q1PCa5l3mpIs7GBTgfw
Education,56,AAAjoken,UCHhXSfCzQYAAFkpdxr7QsaA
Education,57,ABCmouse.com Early Learning Academy,UCPvEbO2bI5x1MVLUuRJoZXg
Education,58,Epic Toy Channel,UCqjaTPCl-Ljsiz4kkiuo6RQ
Education,59,Машинки CARS,UCmodxR4_K1etm64BTVX9hsQ
Education,60,Mental Floss,UCpZ5qUqpW4hW4zdfuBxMSJA
Education,61,Veritasium,UCHnyfMqiRRG1u-2MsSQLbXA
Education,62,ToyTimeTV,UCC8_YRJ7psy7uL1cTu1fPTQ
Education,63,Малышман ТВ,UCrV3j4NsS3Jbggys-flVSDA
Education,64,Nursery Rhyme Street,UCRXXQgZZsMIxXpFncK019DA
Education,65,TED-Ed,UCsooa4yRKGN_zEE8iknghZA
Education,66,johney rhymes,UCB84a0PsU_2i4HKQ8-SHmpw
Education,67,ExpCaseros,UCoTyVfIkM-hjz4JauDoVvog
Education,68,CBeebies,UC0fXNmjDoC7ckPyT6qM8Urw
Education,69,Animal Sketch Nursery Rhymes,UC09cuppOi5VxxLyykSpdnlw
Education,70,LittleBabyBum ® Español,UCHicabXz9rUMWLcdMqBtbxQ
Education,71,invitationlovejesus,UCz3ZTkHGStSYVlh-ibvbk4g
Education,72,shows4learning | Learning for children,UCGuiLc4BvsEpq5CsbvlHpdg
Education,73,Babeez TV,UCE5dOdHmNYfFtLA-ov3ehbQ
Education,74,Quà Tặng Cuộc Sống,UCn-WnIG_oFOd11uKHESF_9w
Education,75,KidsTV123,UCtgpDqkeOToveUgh8igrvXQ
Education,76,Galaxy Baby,UCSheQFEpBepkLd-Z1KiMCJQ
Education,77,Badanamu,UCQD_yZCS2BGO_BXtYrXFg1Q
Education,78,PragerUniversity,UCZWlSUNDvCCS1hBiXV0zKcA
Education,79,,UCrFjJZkKv-Zh8ZYaUnKKVSQ
Education,80,PloopChannel,UCFETBNtL5hZ9o2tXk18NTnQ
Education,81,list25,UCWqJpFqlX59OML324QIByZA
Education,82,K12Kids,UCaibwqCNTDZOSC7RdVDjLmw
Education,83,TOP BEST APPS FOR KIDS,UCfxN7O1NzZqoGBCJi6V6wpA
Education,84,OnisionSpeaks,UCZhkUguiTBJVZrrdMSjLbsQ
Education,85,Vikram Yadav,UC2PgM2cakYLh_m90pctX5xA
Education,86,Kids Rhymes,UCskSW39nbaWKSdtdaPrY5IA
Education,87,Geethanjali Videos,UCGVrxaJHUQHbPSUVDZ8sUVQ
Education,88,Vids4Kids.tv,UCbg1xn1JhBqKpL2M6xi5-0A
Education,89,มหาวิทยาลัย ประชาชน Official,UCeSKbGqOF0Rqka0XPgvMxfQ
Education,90,Alltime Conspiracies,UCPZiqlNI3RLyF47QTdq93GQ
Education,91,CGP Grey,UC2C_jShtL725hvbm1arSV9w
Education,92,University of Phoenix,UCDF_b2O1L_z9YG8_PnCv0yg
Education,93,christianvib,UC2VKCoZND5PENxAXLl8r6Jw
Education,94,Blippi,UC5PYHgAzJ1wLEidB58SK6Xw
Education,95,Baby TreeHouse,UClmrMSi6lEWznq_iZ_LJp9w
Education,96,edubuzzkids,UCZBu4SD7RaHHwKJqjtE1KGw
Education,97,All Babies Channel,UCMry5jwn3fSxXqnqUUIcR0Q
Education,98,Mizyaka Dizyaka FRA,UCCHcvwzj8azK7gUDCjbPMgA
Education,99,AMAZINGWORLDHD,UC2W6UhKpcXfOv2heky0vb8Q
Education,100,leokimvideo,UCh-sQC1L3J7xicFO1Bo5DeQ
Entertainment,1,FunToyzCollector,UCqdGW_m8Rim4FeMM29keDEg
Entertainment,2,BuzzFeedVideo,UCpko_-a4wgz2u_DgDgd9fqA
Entertainment,3,Disney Cars Toy Club DCTC,UCsU-ktDYPSvRyRqcFV4uXPw
Entertainment,4,BuzzFeedYellow,UCay_OLhWtf9iklq8zg_or0g
Entertainment,5,Baby Big Mouth,UCWr4vlkj5xXQ4bSXNeTT2AA
Entertainment,6,TheEllenShow,UCp0hYYBW6IMayGgR-WeoCvQ
Entertainment,7,BluCollection ToyCollector,UC7nGdI1YVbdj0lBqEeg8KxQ
Entertainment,8,WatchMojo.com,UCaWd5_7JhbQBe4dknZhsHJg
Entertainment,9,Toys and Funny Kids Surprise Eggs,UCwjoPtSoNLAoX2sLBaKLYng
Entertainment,10,Kids' Toys,UCX7CYiI89e6wBnwytOx8A-Q
Entertainment,11,TheFineBros,UC0v-tlzsn0QZwJnkiaUSJVQ
Entertainment,12,SevenSuperGirls,UCj2HtBTppiQLVrZfEjcFxig
Entertainment,13,ToyTrains4u,UCLF-kfM8ZxHQ9lW_lpu_thw
Entertainment,14,ABS-CBN Entertainment,UCstEtN0pgOmCf02EdXsGChw
Entertainment,15,VEGETTA777,UCam8T03EOFBsNdR0thrFHdQ
Entertainment,16,Surprise Eggs unboxing toys,UCXLw_h6bFfPOKbDJXDUjA-Q
Entertainment,17,HobbyKidsTV,UCc-2P5tCezbxegb7gxp6EXg
Entertainment,18,Just4fun290,UCdPG86Ahrf9A8YzBnFDAaEg
Entertainment,19,Porta dos Fundos,UCEWHPFNilsT0IfQfutVzsag
Entertainment,20,SurpriseToys,UCmk5QB4JE-RT3ig4kvtVYxg
Entertainment,21,レオンチャンネル,UCkGf_kXNiDG_nXs4-WJkY-Q
Entertainment,22,Smosh,UCY30JRSgfhYXA6i6xX1erWg
Entertainment,23,Good Mythical Morning,UC4PooiX37Pld1T8J5SYT-SQ
Entertainment,24,ComedyShortsGamer,UCrqsNpKuDQZreGaxBL_a5Jg
Entertainment,25,FluffyJetProductions,UCVE91qOw9Ke8EsK95lMuF2Q
Entertainment,26,Britain's Got Talent,UCUtZaxDF3hD5VK4xRYFBePQ
Entertainment,27,DrossRotzank,UCNYW2vfGrUE6R5mIJYzkRyQ
Entertainment,28,[토이푸딩TV] ToyPudding,UCKqx9r4mrFglauNBJc1L_eg
Entertainment,29,HolaSoyGerman.,UCZJ7m7EnCNodqnu5SAtg8eQ
Entertainment,30,iTownGamePlay ✮Terror&Diversión✮,UCKmlxQVs0vHtaLldRIQ8lsA
Entertainment,31,DisneyCarToys,UCKjjmMqvuxNYw8c6knceexQ
Entertainment,32,TOYS on the go!,UCe1T7EkHIHvOIWBG1Om8xHA
Entertainment,33,Clevver News,UCQjh-JVPNWfY-KsZS3RgRHw
Entertainment,34,KBSEntertain,UCK1sVuXaDvJeNwl9noN5nOA
Entertainment,35,TheVoiceThailand,UCUR_q3i5yONr9BghspQzqyg
Entertainment,36,Arcadius Kul,UCAbinsttOjP3NpPCn2G4Row
Entertainment,37,LEGO,UCP-Ng5SXUEt0VE-TXqRdL6g
Entertainment,38,The Voice Kids,UCsaKxIA9snv1Wrh_sw1DFvg
Entertainment,39,TMZ,UCK7IIV6Q2junGSdYK3BmZMg
Entertainment,40,Hulyan Maya,UC3AgxXIspxGB8Mb-6bO9YlA
Entertainment,41,IGN,UCKy1dAqELo0zrOtPkf0eTMw
Entertainment,42,ช่อง one,UC8f7MkX4MFOOJ2SerXLInCA
Entertainment,43,SHAYTARDS,UCJZ7f6NQzGKZnFXzFW9y9UQ
Entertainment,44,Marvel Entertainment,UCvC4D8onUfXzvjTOM-dBfEA
Entertainment,45,Warner Bros. Pictures,UCjmJDM5pRKbUlVIzDYYWb6g
Entertainment,46,zeetv,UCppHT7SZKKvar4Oc9J4oljQ
Entertainment,47,VRZOchannel,UCDlMDG2j7XQQfvM3jp8nBZQ
Entertainment,48,ERB,UCMu5gPmKp5av0QCAajKTMhw
Entertainment,49,SoFloComedy,UClhH1jBUJDBsDMB7xe5D-mA
Entertainment,50,KBS World TV,UC5BMQOsAB8hKUyHu9KI6yig
Entertainment,51,Parafernalha,UCddYq41_tZ1FnLlguLT6-Ow
Entertainment,52,Nao DisneyToys,UCS3VJQpFmLbBd5qsWci9KPA
Entertainment,53,ImperiaToys,UCwz6oWkwVQng955vNgM5nNg
Entertainment,54,PlanetaOfficial,UCffdZGxiVRy3i9EaZF4m0wA
Entertainment,55,Chiquititas SBT,UCRc1QYRg0L0q53wMAvUMxyg
Entertainment,56,EvanTubeHD,UCHa-hWHrTt4hqh-WiHry3Lw
Entertainment,57,JoBlo Movie Trailers,UCRX7UEyE8kp35mPrgC2sosA
Entertainment,58,fouseyTUBE,UC1r4VtVE__5K6c_L_3Vlxxg
Entertainment,59,MBCentertainment,UCiBr0bK06imaMbLc8sAEz0A
Entertainment,60,中国湖南卫视官方频道 China HunanTV Official Channel,UC1pHFqCMAIHP8gr4lYGtNLA
Entertainment,61,AwesomenessTV,UCWljxewHlJE3M7U_6_zFNyA
Entertainment,62,TV3 Official,UC48h7Dst_hX82HxOf3xJw_w
Entertainment,63,AllToyCollector,UC1xvP0LqUviUOxvchL5goSw
Entertainment,64,RomanAtwood,UCnOVVuoLJ_1YY8A0V802wHA
Entertainment,65,CookieSwirlC,UCelMeixAOTs2OQAAi9wU8-g
Entertainment,66,Mnet,UCbD8EppRX3ZwJSou-TVo90A
Entertainment,67,NexxuzHD,UCWSuUgXtU4wgg_L7mE0_0lQ
Entertainment,68,ArkivaShqip,UCUd0P7GJ_6UiLcIpfKH9sCQ
Entertainment,69,Universal Pictures,UCq0OueAsdxH6b8nyAspwViw
Entertainment,70,VitalyzdTv,UC1KPy3cAAj0i0RIFC_SzjMg
Entertainment,71,clips mix,UCogFmwd_6QgQ4qZtU2gDDVQ
Entertainment,72,KSI,UCVtFOytbRpEvzLjvqGG5gxQ
Entertainment,73,BBC,UCCj956IF62FbT7Gouszaj9w
Entertainment,74,SeikinTV,UCg4nOl7_gtStrLwF0_xoV0A
Entertainment,75,LuckyPennyShop.com,UCyEobXxpYV2yOEmQAa6J4VQ
Entertainment,76,Hasbro Studios Shorts,UC-r13SLLdZtZNmuC2bMnlmw
Entertainment,77,JTBC Entertainment,UCFL1sCAksD6_7JIZwwHcwjQ
Entertainment,78,America's Got Talent,UCT2X19JJaJGUN7mrYuImANQ
Entertainment,79,MAHOTO,UCFqAAh4Tuy_wXWsUAIAVcLQ
Entertainment,80,KidsGames HD,UCjNUHgBv6rvGHIdXNaHBz8g
Entertainment,81,Eurovision Song Contest,UCRpjHHu8ivVWs73uxHlWwFA
Entertainment,82,DisneyJuniorUK,UC7Gf2tZ8coTX2ckTPgn62iQ
Entertainment,83,Kontor.TV,UCb3tJ5NKw7mDxyaQ73mwbRg
Entertainment,84,Clevver TeVe,UCm3Y5mfuO7pf3SXQILf3Obg
Entertainment,85,Sesame Street,UCoookXUzPciGrEZEXmh4Jjg
Entertainment,86,The X Factor UK,UCEY1ejsweY4DgMwOVJeEaBA
Entertainment,87,Sony Pictures Entertainment,UCz97F7dMxBNOfGYu3rx8aCw
Entertainment,88,GTHchannel,UCTL0lRmUQ-rH4YZAteV7LzA
Entertainment,89,IDJVideos.TV,UCcF7lkZqxzI2asePTbksVdA
Entertainment,90,DmPranksProductions,UCwrfRCqA9wvqp9zCvzLl6Sw
Entertainment,91,KBSKpop,UCeLPm9yH_a_QH8n6445G-Ow
Entertainment,92,Mejores Juguetes,UCVnu0ZtcaY9bpJgdxAaqagA
Entertainment,93,luzugames,UCHkh8YFg0l4tkY6_zvzdd5w
Entertainment,94,Werevertumorro,UCzVIrPfZBE-XkBISBybMBLA
Entertainment,95,SBSNOW,UCcOYEm78CpaZQvPE6LtoSeA
Entertainment,96,DisneyChannelLA,UCq3zaHCaZtb3TtNwwz0PK2w
Entertainment,97,ApeCrime,UCw_T-wN5D_NbfwFp4ztQvBA
Entertainment,98,YEAH1TV,UCxVbAgOxi2HtYFmptzvILrA
Entertainment,99,The Kids Club,UC_pZxiIq8BRJwG55Wt83WOw
Entertainment,100,MrSuicideSheep,UC5nc_ZtjKW1htCVZVRxlQAQ
Film & Animation,1,MOVIECLIPS Trailers,UCi8e0iOVk1fEOogdfu4YgfA
Film & Animation,2,DisneyCarToys,UCKjjmMqvuxNYw8c6knceexQ
Film & Animation,3,CookieSwirlC,UCelMeixAOTs2OQAAi9wU8-g
Film & Animation,4,Disney UK,UCQphRgAhj5UxktrQNP3WF5g
Film & Animation,5,Капуки Кануки,UCBNXKrniCm4Qd9v5tTzY-aA
Film & Animation,6,ToysReviewToys,UCax-4TdDh3oetlyh-GoL7UA
Film & Animation,7,Kiddyzuzaa,UCc2_j9TZ1UU9nCedF3UsuFQ
Film & Animation,8,MOVIES Coming Soon,UCkR0GY0ue02aMyM-oxwgg9g
Film & Animation,9,Screen Junkies,UCOpcACMWblDls9Z6GERVi1A
Film & Animation,10,CinemaSins,UCYUQQgogVeQY8cMQamhHJcg
Film & Animation,11,Walt Disney Animation Studios,UC_976xMxPgzIa290Hqtk-9g
Film & Animation,12,Fresh Movie Trailers,UCzNWVDZQ55bjq8uILZ7_wyQ
Film & Animation,13,Letupita725HD★,UC1AEadAUKi6Zt-G3PatrU-Q
Film & Animation,14,Барбоскины,UC2el0G8cIcOOdjlHy2KOBkQ
Film & Animation,15,disneyjp,UCGlhF-USvOYyo-VUbS7fKAA
Film & Animation,16,TuTiTuTV,UCeUYwh-WiIoG47ECQvQxKsA
Film & Animation,17,Маша и Медведь,UCRv76wLBC73jiP7LX4C3l8Q
Film & Animation,18,ТВ Деткам,UC_J_9-qRfVtKIkq7SxxVbhQ
Film & Animation,19,Pocoyo,UCnB5W_ZJgiDFnklejRGADxw
Film & Animation,20,americatvLETSPLAY,UCOD61z-vlytlhJDKje5zNPw
Film & Animation,21,Jose Penella,UCytmkC9CDv8XnczvER61C9A
Film & Animation,22,Filmsactu,UC_i8X3p8oZNaik8X513Zn1Q
Film & Animation,23,Film Festivals and Indie Films,UCLyYEq4ODlw3OD9qhGqwimw
Film & Animation,24,20th Century Fox,UC2-BeLxzUBSs0uSrmzWhJuQ
Film & Animation,25,AllToyCollector,UC1xvP0LqUviUOxvchL5goSw
Film & Animation,26,Капуки4+,UCB1p88knr2l2IbfTX1vOCbg
Film & Animation,27,Узнавайка,UCR0s2TFN6dp4BuF9pp-M_JQ
Film & Animation,28,ToyFriendTV,UClR4-wFdn2IHqlYaEpsKIpg
Film & Animation,29,Niloya,UCKFIi1uWM9BCMb7O_GyvBsQ
Film & Animation,30,Pocoyo - English,UCdknlZNiH-2VWrvjXkx9dJA
Film & Animation,31,Walt Disney Studios LA,UC8huWhDjI8UJK4bqo8BJ9WQ
Film & Animation,32,Movie Trailers,UCOP-gP2WgKUKfFBMnkR3iaA
Film & Animation,33,Medcezir,UCOuMB2WSX_7uGEGGjjEeFTw
Film & Animation,34,Monde des petits,UC8I-UIlXPNS4luC4iV7dRdQ
Film & Animation,35,DreamWorksTV,UCY26xU0-avwTJ6F6TzUZVEw
Film & Animation,36,TOBOTYOUNGTOYS,UC1WEOQjm8tyT1pXY6xaoYZQ
Film & Animation,37,Disney Movie Trailers,UCuaFvcY4MhZY3U43mMt1dYQ
Film & Animation,38,Анимационные сериалы,UCmZx3uP8kvCIBMAONQiAvbw
Film & Animation,39,Disney Channel FR,UCZ_AAS3zQS53OOeeeY9lcJA
Film & Animation,40,AVbyte,UC12Ku0_2bhNsreyaoZH9raQ
Film & Animation,41,Düşyeri,UC4fmBMzf7iWyFx7ysCCLqDA
Film & Animation,42,シネマトゥデイ,UCRxDTCmIjgli-Xgh2KPE9dA
Film & Animation,43,Yo Mama,UCBMvWaA97BAegvJ_Hz6Vwuw
Film & Animation,44,Official Pink Panther,UCFeUyPY6W8qX8w2o6oSiRmw
Film & Animation,45,Stillcraft Animations,UCa8xjJQ3lRRoUKOFJrmUZXQ
Film & Animation,46,vipmagazin,UC_LKhBiSqiBLbFC3wFY2BRA
Film & Animation,47,GallinaPintadita,UCKdEsgHiM0SulsFXm7QMJAg
Film & Animation,48,FuturisticHub,UC-L9KNntvOrGkFRmD9SE4fw
Film & Animation,49,Get Movies,UClZkHt2kNIgyrTTPnSQV3SA
Film & Animation,50,타요(Tayo),UC9CsZoTaHZqZjnNZv7v3T1g
Film & Animation,51,Muhteşem Yüzyıl,UCkRY4J8G__K8SEWZRLbke-Q
Film & Animation,52,Fast & Furious,UCJCx8aQrdx_ueXPmxTD2odQ
Film & Animation,53,Shah Myvi,UCUivAKzCJSsiauUah1Y7TLQ
Film & Animation,54,Robocar POLI TV,UCr-rCvgg21KqfrnGopaQeGw
Film & Animation,55,Союзмультфильм,UCrlFHstLFNA_HsIV7AveNzA
Film & Animation,56,Тери Хром,UCnxJP93YDwLlQ_UrJ-rWHDw
Film & Animation,57,FilmTrailerZone,UCPPPrnT5080hPMxK1N4QSjA
Film & Animation,58,YRF,UCbTLwN10NoCU4WDzLf1JMOA
Film & Animation,59,How It Should Have Ended,UCHCph-_jLba_9atyCZJPLQQ
Film & Animation,60,"Официальный канал сериала ""СВАТЫ""",UCHPbrkmgqJpoKaGxrUmbMvA
Film & Animation,61,Носики Курносики,UCbk3qpPiPvlHQeUkVkWVHEA
Film & Animation,62,GummyBearIntl,UCyKa1YNZLio6XfjMR7fw45Q
Film & Animation,63,CineFix,UCVtL1edhT8qqY-j2JIndMzg
Film & Animation,64,MADABOUTLEGO,UCW6BEk2-Ve8SPl9NlVXqz6Q
Film & Animation,65,ArtifexCreation,UCbuyZEYXgjMV042uuwa_aFw
Film & Animation,66,Guilherme Tufenkjian,UCNZiHRCIXaz8NcwTtQm8rpA
Film & Animation,67,Disney FR,UCakQLdwrxuo0KhJ49Sq2csA
Film & Animation,68,European Movie Trailers,UC31klL7WSgkQyGClLp-iacQ
Film & Animation,69,japanesestuffchannel,UCTzy4FQNreZnkPG7ZlkTA0g
Film & Animation,70,Warner Bros. UK,UCbxjDfYwfF8RjYBp5htJ38Q
Film & Animation,71,LastWeekTonight,UC3XTzVzaHQEd30rQbuvCtTQ
Film & Animation,72,Trailers In Spanish,UCkpS96fmTFa8gGVWJx2uVAA
Film & Animation,73,Теремок ТВ,UCxWkNmkeAL52VTJyBlIJRXw
Film & Animation,74,Toys Activities,UC8Psc5qqim_IMAKH0nURr_A
Film & Animation,75,The Hunger Games,UCjvqqA-Eogozfm244OhUESw
Film & Animation,76,The Official Peppa Pig,UCAOtE1V7Ots4DjM8JLlrYgg
Film & Animation,77,MxTrailers - Latinoamérica,UCFDuHygwf1RyH8j7cBsFObA
Film & Animation,78,FunVideoTV,UCoxGrAFk83Z0W_4GLp7Qjvg
Film & Animation,79,universalpicturesmx,UCuON8B3q1FMIOSE-0sbC_rQ
Film & Animation,80,GTHchannel,UCTL0lRmUQ-rH4YZAteV7LzA
Film & Animation,81,New Atlantis Full Documentaries,UCYwDp3hlpvvUNY--qI_lpLg
Film & Animation,82,Karadayı,UCTQ6d7W2JRulB1Pd-9wCsAw
Film & Animation,83,뽀로로(Pororo),UCPUeGC_AL-OnDQORKhRm6iA
Film & Animation,84,Toy Tastic,UCdAr9AvTbNm6M7nGNsornBA
Film & Animation,85,lozaus1,UC59jm6JUT_PNciq8XNHDCbA
Film & Animation,86,El Sobky Production - السبكي,UCSVSS5aSyHh7ChJlICx_Gkg
Film & Animation,87,superkian13,UCeTzt8EPd5KZn6ZYH07eUSA
Film & Animation,88,Fabri741Violetta,UCiRxTf7i-Ggg7dLeRLOn5eA
Film & Animation,89,Volga Video,UCIeNlITYK46VkR7yIuTL8GQ
Film & Animation,90,Victory TV ( http://www.victoryenter.gr/),UC3jpAnAQESbKVaLObz2aWCw
Film & Animation,91,Теремок_Baby,UCQYY7FZ_Xph6HaYZtKaE-HA
Film & Animation,92,ABS-CBN Star Cinema,UC1D36wr10qyCfisHulZ5G8Q
Film & Animation,93,WatchMojo.com,UCaWd5_7JhbQBe4dknZhsHJg
Film & Animation,94,Markiplier,UC7_YxT-KID8kRbqZo7MyscQ
Film & Animation,95,Sua Best Cartoon,UCgqDuPJqrvWZlMau9g1amTA
Film & Animation,96,Les' Copaque Production,UCR1c65UsjpaVgcLKa7eM1tg
Film & Animation,97,The Weinstein Company,UCdIRIVIc9JMnWzkKFettP8g
Film & Animation,98,atiempopreescolar,UCRYASwREzEOEptJLi4AY6tw
Film & Animation,99,pop12579,UCG4VTGNZWEvcRqGAIi3Aj_g
Film & Animation,100,Свинка Пеппа,UCnenDeyXGv5IRYsa3QAGdhQ
Gadgets & Games,1,PewDiePie,UC-lHJZR3Gqxm24_Vd_AJ5Yw
Gadgets & Games,2,PopularMMOs,UCpGdL9Sn3Q5YWUH2DVUW1Ug
Gadgets & Games,3,TheDiamondMinecart // DanTDM,UCS5Oz6CHmeoF7vSad0qqXfw
Gadgets & Games,4,stampylonghead,UCj5i58mCkAREDqFWlhaQbOw
Gadgets & Games,5,VanossGaming,UCKqH_9mk1waLgBiL2vT5b9g
Gadgets & Games,6,Markiplier,UC7_YxT-KID8kRbqZo7MyscQ
Gadgets & Games,7,jacksepticeye,UCYzPXprvl5Y-Sf0g4vX-m6g
Gadgets & Games,8,JuegaGerman,UCYiGq8XF7YQD00x7wAd62Zg
Gadgets & Games,9,SeaNanners Gaming Channel,UCq54nlcoX-0pLcN5RhxHyug
Gadgets & Games,10,W2S,UCjtLOfx1yt1NlnFIDyAX3Ug
Gadgets & Games,11,TheWillyrex,UC4LHNX8d8RqnDX0OezgmCTg
Gadgets & Games,12,Sky Does Minecraft,UCKlhpmbHGxBE6uw9B_uLeqQ
Gadgets & Games,13,Smosh Games,UCJ2ZDzMRgSrxmwphstrm8Ww
Gadgets & Games,14,マックスむらい,UC5Y35HzjHnxi2Dk8Xk8Cllw
Gadgets & Games,15,iBallisticSquid,UCa6Hg8HmooiDNaCT0_1NbQQ
Gadgets & Games,16,VEGETTA777,UCam8T03EOFBsNdR0thrFHdQ
Gadgets & Games,17,SSundee,UCke6I9N4KfC968-yRcd5YRg
Gadgets & Games,18,SQUEEZIE,UCWeg2Pkate69NFdBeuRFTAw
Gadgets & Games,19,ArcadeGo.com,UCERVhkIYIeEdTQkQciwDN3A
Gadgets & Games,20,Fernanfloo,UCV4xOVpbcV8SdueDCOxLXtQ
Gadgets & Games,21,В Гостях У FrostA,UC9diVCDUnRAB3buT1vLn4-w
Gadgets & Games,22,GameGrumps,UC9CuvdOVfMPvKCiwdGKL3cQ
Gadgets & Games,23,Rooster Teeth,UCzH3iADRIq1IJlIXjfNgTpA
Gadgets & Games,24,TheBajanCanadian,UCuj1Ms9_LCsQPSJ4p8nvOVA
Gadgets & Games,25,rezendeevil,UCbTVTephX30ZhQF5zwFppBg
Gadgets & Games,26,CaptainSparklez,UCshoKvlZGZ20rVgazZp5vnQ
Gadgets & Games,27,elrubiusOMG,UCXazgXDIYyWH-yXLAkcrFxw
Gadgets & Games,28,LetsPlay,UCkxctb0jr8vwa4Do6c6su0Q
Gadgets & Games,29,theRadBrad,UCpqXJOEqGS-TCnazcHCo0rA
Gadgets & Games,30,Ali-A,UCYVinkwSX7szARULgYpvhLw
Gadgets & Games,31,YOGSCAST Lewis & Simon,UCH-_hzb2ILSCo9ftVSnrCIQ
Gadgets & Games,32,VenturianTale,UC5VnC5l4dkFR0oVaPL_en2A
Gadgets & Games,33,iHasCupquake,UCqg2eLFNUu3QN3dttNeOWkw
Gadgets & Games,34,HikakinGames,UCX1xppLvuj03ubLio8jslyA
Gadgets & Games,35,AuthenticGames,UCIPA6iWNaoetaa1T46RkzXw
Gadgets & Games,36,TheAtlanticCraft,UC4f1zAG2BTkfOQV4_nFbpBQ
Gadgets & Games,37,IGN,UCKy1dAqELo0zrOtPkf0eTMw
Gadgets & Games,38,speedyw03,UCEe076nFuVobN0bAsXK7ICw
Gadgets & Games,39,Gameplayrj,UCJAbkIY17zAmCTNQHH0bQoQ
Gadgets & Games,40,PietSmiet,UCqwGaUvq_l0RKszeHhZ5leA
Gadgets & Games,41,TazerCraft,UCjBO43ykxlSs3j7F7EXcBUQ
Gadgets & Games,42,MachinimaRealm,UCVEbcFWM43PS-d5vaSKUMng
Gadgets & Games,43,ZackScottGames,UCzNhowpzT4AwyIW7Unk_B5Q
Gadgets & Games,44,KSI,UCVtFOytbRpEvzLjvqGG5gxQ
Gadgets & Games,45,Gronkh,UCYJ61XIK64sp6ZFFS8sctxw
Gadgets & Games,46,コスケのパズドラ究極攻略TV,UCBBi5zCvAvvXbcgwUWV4wjw
Gadgets & Games,47,FGTeeV,UCC-RHF_77zQdKcA75hr5oTQ
Gadgets & Games,48,LittleLizardGaming - Minecraft Mods!,UC5QA3ePozxshgdIbYafT_fA
Gadgets & Games,49,YouAlwaysWin,UCj4I9NfO3xIvl-Ym2Qzib1Q
Gadgets & Games,50,JeromeASF,UCrYnLkVfvVf0Qy0YOUQdk2A
Gadgets & Games,51,H2ODelirious,UCClNRixXlagwAd--5MwJKCw
Gadgets & Games,52,miniminter,UCWZmCMB7mmKWcXJSIPRhzZw
Gadgets & Games,53,Clash of Clans,UCD1Em4q90ZUK2R5HKesszJg
Gadgets & Games,54,Chris Smoove,UCnzbVkknmqhRqUKg7RDTDeg
Gadgets & Games,55,TheSkylanderBoy AndGirl,UCp1JDmORpR7wxtvCijaSF8w
Gadgets & Games,56,양띵 YouTube (YD Gaming Channel),UCYooECrv-fIXlPaDwEIaveA
Gadgets & Games,57,➜FavijTV™,UCSFC5Cio8zaLQDFPxA7y_HQ
Gadgets & Games,58,aLexBY11,UCh715KhLM7vbOwozSXLWI_w
Gadgets & Games,59,ぐっちの部屋(ミラクルぐっち),UCKezegV3t5njyVLoeLhYi0A
Gadgets & Games,60,PlayStation,UC-2Y8dQb0S6DtpxNgAKoJKA
Gadgets & Games,61,TheSyndicateProject,UC1ieoHqKW-yYgDhLHIcx28w
Gadgets & Games,62,赤髪のとものゲーム実況チャンネル!!,UCEIMvzf3R9d3_2A3IAajvHg
Gadgets & Games,63,EeOneGuy,UCrFiA0hztL9e8zTi_qBuW4w
Gadgets & Games,64,DaniRep | +6 Vídeos Diarios De GTA 5 Online!,UCHIwQiZhIn6fm5b_IilqBbQ
Gadgets & Games,65,TheBrainDit,UCFBcrywVNeUOqtJgGhPEvQg
Gadgets & Games,66,Blitzwinger,UClJlcmhUkErNMYGAbzoGd8A
Gadgets & Games,67,OlafVids,UCU3V6u-NFi4TshSXiaWxQbA
Gadgets & Games,68,Willyrex,UC8rNKrqBxJqL9izOOMxBJtw
Gadgets & Games,69,DILLERON ★ Play,UCmGb2fqo-BLtMm46F3qTumw
Gadgets & Games,70,sTaXxCraft,UCRTOI5zhwFU-1eooSzgHAHw
Gadgets & Games,71,Vikkstar123HD - Minecraft,UCmbnlwXAdGYACzvStDjquaA
Gadgets & Games,72,악어 유튜브,UCQJuZxeDv2P05YHcC-tIEVQ
Gadgets & Games,73,coisadenerd,UCuxfOdbKQy0tgGXcm9sjHiw
Gadgets & Games,74,gamespot,UCbu2SsF-Or3Rsn3NxqODImw
Gadgets & Games,75,PrestonPlayz - Minecraft,UC70Dib4MvFfT1tU6MqeyHpQ
Gadgets & Games,76,videogames,UCJM0ZIGPX2pad8IzopUkbIg
Gadgets & Games,77,XpertThief,UCDwujczvdxbbVHg-V4-kC-A
Gadgets & Games,78,EnzoKnol,UCh8bTHe4T8o7RIU7R5EPX-w
Gadgets & Games,79,CasalDeNerd,UCQR_jO1aqpsdfrZNHkoSjDQ
Gadgets & Games,80,packattack04082,UCg_j7kndWLFZEg4yCqUWPCA
Gadgets & Games,81,Vikkstar123,UCvwgF_0NOZe2vN4Q3g1bY-A
Gadgets & Games,82,GamesHQMedia,UCmJgm56O64l2h7mpFcxKWfw
Gadgets & Games,83,Hikaru Games,UCVpGiJmXoTpjrpkVEAfbpHg
Gadgets & Games,84,MasterOv,UCYfybUu1hUKRZl3r7FYAgHg
Gadgets & Games,85,MoreAliA,UCyeVfsThIHM_mEZq7YXIQSQ
Gadgets & Games,86,Kwebbelkop,UCfLuMSIDmeWRYpuCQL0OJ6A
Gadgets & Games,87,LoL Esports,UCvqRdlKsE5Q8mf8YXbdIJLw
Gadgets & Games,88,OfficialNerdCubed,UCKab3hYnOoTZZbEUQBMx-ww
Gadgets & Games,89,Lui Calibre,UCcWl6q7rcJ9WoF_Kwmxg23A
Gadgets & Games,90,The Game Theorists,UCo_IB5145EVNcf8hw1Kku7w
Gadgets & Games,91,DashieGames,UCERUmrDh9hmqEXBsnYFNTIA
Gadgets & Games,92,Smike,UC0u9FKn2vM0HRhQx_eI5qwQ
Gadgets & Games,93,UberHaxorNova,UC22TOQWJue006Lp6DB5QhDA
Gadgets & Games,94,Dner,UChr1sKJ27Fr6WZxAlusbo_w
Gadgets & Games,95,HikePlays,UCqkMn9bYQlhgzEjbktzEQpQ
Gadgets & Games,96,TWOSYNC,UC8vXGfLggx4CAFsr2i0IoRA
Gadgets & Games,97,HelldogMadness,UCBTr3sPSDnIiwPnFngzO6rg
Gadgets & Games,98,MattHDGamer,UCCdv8O4SIcISvAW94XdZTEw
Gadgets & Games,99,Jove [Virtus.Pro],UCDx2-SCLzDaC4vlh2PCGYQA
Gadgets & Games,100,ungespielt,UCcn4UOBvB0W2HjCcLFLuu2w
Howto & Style,1,FunToyzCollector,UCqdGW_m8Rim4FeMM29keDEg
Howto & Style,2,AAAjoken,UCHhXSfCzQYAAFkpdxr7QsaA
Howto & Style,3,grav3yardgirl,UCGwPbAQdGA3_88WBuGtg9tw
Howto & Style,4,Rosanna Pansino,UCjwmbv6NE4mOh8Z8VhPUx1Q
Howto & Style,5,julsaintjean,UC-GI5LST5T3Gw93yZxjdFaw
Howto & Style,6,Yuya,UCBNs31xysxpAGMheg8OrngA
Howto & Style,7,CharlisCraftyKitchen,UCuapoB5ePKwiU7zFqc4-weg
Howto & Style,8,JunkFoodTasterDotCom,UCJ0q80Cg2mIUPqTigNe8ftg
Howto & Style,9,Zoella,UCWRV5AVOlKJR1Flvgt310Cw
Howto & Style,10,HowToBasic,UCR4s1DE9J4DHzZYXMltSMAg
Howto & Style,11,BibisBeautyPalace,UCHfdTAyg5t4mb1G-3rJ6QsQ
Howto & Style,12,leokimvideo,UCh-sQC1L3J7xicFO1Bo5DeQ
Howto & Style,13,DaveHax,UC0rDDvHM7u_7aWgAojSXl1Q
Howto & Style,14,Bethany Mota,UCc6W7efUSkd9YYoxOnctlFg
Howto & Style,15,ベイビーチャンネル Baby-Channel,UCcpgOnD67R6ILSIy5HBU9rw
Howto & Style,16,Manual do Mundo,UCKHhA5hN2UohhFDfNXB_cvQ
Howto & Style,17,aiudesk,UCskAt0JUUCrHqutdfLXSb-w
Howto & Style,18,Cute Girls Hairstyles,UC2LgZ_4GzSFQS-3a87_Jc6w
Howto & Style,19,Kan & Aki's CHANNEL,UCNHqosTdwFPSK5OQsjFoS5g
Howto & Style,20,MayBaby,UCJi_befq0YDYJ9fCeyHxJbg
Howto & Style,21,MasuoTV,UCCUd6vfPvpPHBWZ6XwXAlRQ
Howto & Style,22,ThreadBanger,UCBMxQPhfM6nkhQ8vPfQhkCg
Howto & Style,23,Michelle Phan,UCuYx81nzzz4OFQrhbKDzTng
Howto & Style,24,TutorialsByA®,UCD-aHqZMn6eU1zA15md1I1Q
Howto & Style,25,MyCupcakeAddiction,UCxytOEPP99jj8mqVGAO7haQ
Howto & Style,26,MyLifeAsEva,UCAoMPWcQKA_9Af5YhWdrZgw
Howto & Style,27,MyFroggyStuff,UC9Q0dAjbhv0FbwvoHRSmjxA
Howto & Style,28,Tanya Burr,UCrIIH7yHQugaUuoTZDoEUuQ
Howto & Style,29,dope2111,UC_GvMVffgctSISDkeWlKhXQ
Howto & Style,30,Tipsy Bartender,UCaDY8WjYWy36bnt0RVzSklw
Howto & Style,31,Carli Bybel,UC21yq4sq8uxTcfgIxxyE9VQ
Howto & Style,32,瀬戸弘司 / Koji Seto,UCFBjsYvwX7kWUjQoW7GcJ5A
Howto & Style,33,Pinkstylist,UCAAszizDDdScfqclAybLiEA
Howto & Style,34,MasuoGames,UCzufaGFZLYnIzI1QXNdk9CA
Howto & Style,35,DIY Mommy,UC_LnRBL1DQIt1YO3wlN7KeQ
Howto & Style,36,Ingrid Nilsen,UC5zSySQab9SA6Wz569WDgqw
Howto & Style,37,SurpriseFunTV,UCbLXfrb6dT54QtedNWXY2AQ
Howto & Style,38,Lauren Curtis,UCXbQzhqSvgVZTUyi1T4AU3w
Howto & Style,39,B2cuteCupcakes,UCXa9irCtpM1t4l2cPuBKcQg
Howto & Style,40,Eveline Maureen,UCrmPAeHxCYem3PWC7dPpRGg
Howto & Style,41,Cookies Cupcakes and Cardio,UCg-YSRB6TsIq-c5PUZ0F1Jg
Howto & Style,42,Alexa C,UCXZioM6A3pMHBTwOLxEs22A
Howto & Style,43,Nicole Guerriero,UCz0Qnv6KczUe3NH1wnpmqhA
Howto & Style,44,EnjoyPhoenix,UC99LgIedzGD1GirhFGldfUQ
Howto & Style,45,Dagi Bee,UCpZ_DI-ZugwMzXcqccaTVsg
Howto & Style,46,How To Cook That,UCsP7Bpw36J666Fct5M8u-ZA
Howto & Style,47,blogilates,UCIJwWYOfsCfz6PjxbONYXSg
Howto & Style,48,CHANEL,UCclHSnngVTZK7LEOQAzcg1w
Howto & Style,49,Shaaanxo,UCMpOz2KEfkSdd5JeIJh_fxw
Howto & Style,50,KinderToysShow,UCvvv8EVMmEn2fqCHySJ2MPA
Howto & Style,51,japanesestuffchannel,UCTzy4FQNreZnkPG7ZlkTA0g
Howto & Style,52,Christian Dior,UC6xD-jKli-_qIYXDTsNv4dw
Howto & Style,53,MANUALIDADESDEOLGA,UCNkKHBNLpH-Qc9OiXVU1XmQ
Howto & Style,54,Jaclyn Hill,UC6jgzx2g3nlbaYkd8EMweKA
Howto & Style,55,Musas,UClnKzwo9CPkYix6V9jK4JTQ
Howto & Style,56,kougeisha,UCaO16EyoX6_064H0txQ0vZQ
Howto & Style,57,Rainbow Loom Bands. Видеоуроки,UCWxjmBr_YcW-MHb6rqd1Ygw
Howto & Style,58,Meredith Foster,UC2LOY_zd1ZAc1kZPyzoqhMQ
Howto & Style,59,"Україна має талант, 7 сезон (2015)",UCVxmo7C8ltLt5u19NKrUNAQ
Howto & Style,60,Maria Way,UCQNax8LsGh3EiLF4WmNgDZA
Howto & Style,61,Gigi Gorgeous,UCzco9CewPf0F-SP1p6LhWrw
Howto & Style,62,HooplaKidz How To,UCxkkhCFRexEyFHUHEcH5Uzg
Howto & Style,63,Hey! It's Mosogourmet!! あっ、 妄想グルメだ！,UC2zXd5Kq9Hu-_bwO1H7CD0g
Howto & Style,64,Google Japan,UCTnRxVUPssiL7H29ON07t_Q
Howto & Style,65,Nameless,UCwnro7pVC3fDjVavLT_LAjQ
Howto & Style,66,blndsundoll4mj,UCF2oW5-MO8dB6ul9WH9xi0A
Howto & Style,67,krazyrayray,UCzTtkLZFy6wqD4SsA9_fTtw
Howto & Style,68,Six Pack Shortcuts,UCH9ciCUcWavMsFcAJtLUSyw
Howto & Style,69,LifeWithMelina,UCXxHzg_vJFDHzG7bkLldegQ
Howto & Style,70,MakeupbyMandy24,UCZ90tZPn-ue2BmRAcDD88tA
Howto & Style,71,Brooklyn and Bailey,UC6QWhGQqf0YDYdRb0n6ojWw
Howto & Style,72,Elegant Fashion 360,UCj5tYok-Han88RBzumyHwlw
Howto & Style,73,PleaseCheckOut,UCVitMxMDE1s_Si85Gw0Y19g
Howto & Style,74,AlishaMarie,UCSReacwdlGHHyTIyuROhVdQ
Howto & Style,75,beautygloss,UCXzaEAP-03qktmjNF2M4qLg
Howto & Style,76,howtoPRANKitup,UCMgQwzHQrefJYo5GTIvhV0w
Howto & Style,77,Kandee Johnson,UC9TreTE-iXwfwQl72DzDurA
Howto & Style,78,LaurDIY,UCap97Ue8K_BpKlrvQRYd6JA
Howto & Style,79,Jamie Oliver,UCpSgg_ECBj25s9moCDfSTsA
Howto & Style,80,Tati,UC4qk9TtGhBKCkoWz5qGJcGg
Howto & Style,81,FitnessBlender,UCiP6wD_tYlYLYh3agzbByWQ
Howto & Style,82,Meghan Rienks,UCERTKUMXl6x8G79BmG6KtpQ
Howto & Style,83,Aspyn Ovard,UCR1EMxu9anmg7DhJBxNUbsA
Howto & Style,84,SORTED Food,UCfyehHM_eo4g5JUyWmms2LA
Howto & Style,85,COVERGIRL,UC-5LNANFKTC1DOkuhbeq6OQ
Howto & Style,86,Gillette Latinoamérica,UC7e-HT5JNFBruAKvADJrqFQ
Howto & Style,87,LSD,UCoB8h5pwZMWdSUSrter510A
Howto & Style,88,cutepolish,UCT8z80a4ESgO2Y4qajk-iXw
Howto & Style,89,"SaraBeautyCorner - Nails and Nail Art Designs, DIY, Fashion & Makeup Tutorial",UC0YvTCy1I4_a-3pn47_5DBA
Howto & Style,90,ssin 씬님,UC5xK2Xdrud3-KGjkS1Igumg
Howto & Style,91,Tess Christine,UCVsTboAhpnuL6j-tDePvNwQ
Howto & Style,92,Laura in the Kitchen,UCNbngWUqL2eqRw12yAwcICg
Howto & Style,93,Braille Skateboarding,UC9PgszLOAWhQC6orYejcJlw
Howto & Style,94,Taciele Alcolea,UCy9xDEfMD8jrXU3NatFLLtw
Howto & Style,95,Freelee the Banana Girl,UCLwUd5KtYONsRJ3UAOojZ0w
Howto & Style,96,clothesencounters,UCgWfS_47YPVbKx5EK4FLm4A
Howto & Style,97,"Justin's Toys - Toys, Gifts, Crafts, Rainbow Loom",UCa31yJCxmmRfTUIMYrUQ3ew
Howto & Style,98,ElPalacioDeHierro,UCm_idleEc-Xc1gpU77ygTEA
Howto & Style,99,Handimania,UCSFXVY6lxmxYfHlLBGFwuEg
Howto & Style,100,eleventhgorgeous,UC4GtJWgv_PLBiWFihNGbF0g
Music,1,netd müzik,UCR5wZcXtOUka8jTA57flzMg
Music,2,T-Series,UCq-Fj5jknLsUf-MWSy4_brA
Music,3,Spinnin' Records,UCpDJl2EmP7Oh90Vylx0dZtA
Music,4,GMM GRAMMY OFFICIAL,UCG9gfnA5UDoLvz-tC9B-HKw
Music,5,NickyJamTV,UCpb_iJuhFe8V6rQdbNqfAlQ
Music,6,Ed Sheeran,UC0C-w0YjGpqDXGB8IHb662A
Music,7,David Guetta,UC1l7wYrva1qCH-wgqcHaaRg
Music,8,RsiamMusic,UCLcCpNY-zaL3vEERD5rh5Ew
Music,9,The Voice,UCpdK1NLHxEUGXc1gq2NxkTw
Music,10,Jason Derulo,UCe3yZzUwpmy2eKKmF9svX0Q
Music,11,1theK (원더케이),UCweOkPb1wVVH0Q0Tlj4a5Pw
Music,12,SMTOWN,UCEf_Bc-KVd7onSeifS3py9g
Music,13,Wiz Khalifa,UCVp3nfGRxmMadNDuVbJSk8A
Music,14,avexnetwork,UC1oPBUWifc0QOOY8DEKhLuQ
Music,15,Cat Music,UCCTR5nIFvWBW9MeGEGPNG4g
Music,16,Henrique e Juliano,UCfLTxnQboSLcoSakgONmukQ
Music,17,MattyBRaps,UCmdY1pHB-KbFYxOyhwjVeQw
Music,18,RemexMusic,UChX2haJZZJOtIIrdqLPvQWA
Music,19,Rotana,UCNhqvQMXIgRfjAGmxQqdNRw
Music,20,Genierock,UCs2t9DlvAuyTBkvk2djGZKw
Music,21,El Reino Infantil,UCK1i2UviaXLUNrZlAFpw_jA
Music,22,The Chainsmokers,UCq3Ci-h945sbEYXpVlw7rJg
Music,23,KapitalMusicTv,UCu-qQNeaTJpbWB-NayPsABg
Music,24,Bart Baker,UCazMm3tOCkYrIGE_17j0mVg
Music,25,MBCkpop,UCe52oeb7Xv_KaJsEzcKXJJg
Music,26,قناة طيور الجنة | toyoraljanahtv,UCozAuGJZ5MPoijz8IE_1Gtw
Music,27,Coldplay Official,UCDPM_n1atn2ijUwHd0NNRQw
Music,28,welovekamikaze,UCjqZeIIXmNj3WS7auJjJFpg
Music,29,Working with Lemons,UCjxq9YFOGXx_wPr5Z8jidEA
Music,30,BANDA MS,UCV6ZlWpVitOcQvaL_RFgu5w
Music,31,POPS MUSIC,UCUgXK2UjZ8G_EM438aYkGrw
Music,32,PollProductionWeb,UCzZ1I1j--g9sFVB-6-1yzWw
Music,33,officialcharlixcx,UCOvEMf00DnwdkpOCRWdc6uA
Music,34,Keyblade,UCD-NZ6Gm9jk1MvjVLRT1NOw
Music,35,Step Records,UC0kLTLosqh6GH6L19I-3EgA
Music,36,PTXofficial,UCmv1CLT6ZcFdTJMHxaR9XeA
Music,37,Beyoncé,UCuHzBCaKmtaLcRAOoazhCPA
Music,38,Ultra Music,UC4rasfm9J-X4jNl9SvXp8xA
Music,39,GMM GRAMMY GOLD OFFICIAL,UCFWsjsN53Sqvg2pWhSFmWBQ
Music,40,ZarcortGame,UCE3qZH8ltYwmQDmm5uinPXw
Music,41,Zee Music Company,UCFFbwnve3yF62-tVXkTyHqg
Music,42,Skrillex,UC_TVqp_SyG6j5hG-xVRy95A
Music,43,الرماس ميوزك,UCVrstuGnHjpUXr9G98wwKow
Music,44,lokallegend,UCnfQ5zUjQdPMWnrhRUN-wZg
Music,45,Eros Now,UCX52tYZiEh_mHoFja3Veciw
Music,46,boyceavenue,UCgc00bfF_PvO_2AvqJZHXFg
Music,47,Jorge e Mateus Oficial,UCL64gn1KZ1C-u87BGQv3b6w
Music,48,BBC Radio 1,UC-FQUIVQ-bZiefzBiQAa8Fw
Music,49,BIGBANG,UCzw-C7fNfs018R1FzIKnlaA
Music,50,officialpsy,UCrDkAvwZum-UTjHmzDI2iIw
Music,51,3 Beat,UCeZiul_hKxc-r0yEL27i1Xw
Music,52,TwiinsCuliacanTv,UCFYfgFdzvo6Knz1GfP5toGQ
Music,53,Ch3 Soundtrack Official เพลงละครช่อง 3,UCKRp5dNEBko_xLYf_kHuZcw
Music,54,RotonMusicTV,UCV-iSZdmPWV9pq-t-dlYzQg
Music,55,parlophone,UCoT5KO-FWsYrgu6VW73v3jQ
Music,56,MediaProMusic,UC6oZDJZhFSFjSSHpzkyr03g
Music,57,CJENMMUSIC Official,UC_pwIXKXNm5KGhdEVzmY60A
Music,58,The Voice Kids,UCtBhha6b6npaPRMzVFGt5sQ
Music,59,jypentertainment,UCaO6TYtlC8U5ttz62hTrZgg
Music,60,ELLO,UCXdLsO-b4Xjf0f9xtD_YHzg
Music,61,Tom Produções,UCfwMtPbRx38cg7qoQJ0iUlQ
Music,62,RomeoSantosFansWorld,UCTPwDb0sagyEp8n36yWUdPQ
Music,63,Speed Records,UCOsyDsO5tIt-VZ1iwjdQmew
Music,64,Daniel Saboya,UCEUf_uUDUfJJ3XfgwOxm-0A
Music,65,i am official channel,UCoXgtalJuJeGhphzD61Nmyw
Music,66,Trey Songz,UC7DpParfqYQEbFGt5eTX5pQ
Music,67,rsfriends,UC8GkZ5dlOrw-yN_nkOAIzPA
Music,68,Trap Nation,UCa10nxShhzNrCE1o2ZOPztg
Music,69,Robin Schulz,UCLVVBWrp9jw4-SYUoU42hcg
Music,70,Lucas Lucco,UCBy6yIwHdhEEYG_nwHD-tiQ
Music,71,NightcoreReality,UCqX8hO4JWM6IJfEabbZmhUw
Music,72,Hussain Al Jassmi | حسين الجسمي,UC3WI3Ut8Hvc6kzlLcG0IJHw
Music,73,Trap City,UC65afEgL62PGFWXY7n6CUbA
Music,74,Sing King Karaoke,UCwTRjvjVge51X-ILJ4i22ew
Music,75,O.T. Genasis,UCe0WYC4JoWndJ48PK1xRuJA
Music,76,Anitta,UCqjjyPUghDSSKFBABM_CXMw
Music,77,Sony Music India,UC56gTxNs4f9xZ7Pa2i5xNzg
Music,78,Cantece Copii TraLaLa,UCfz5rmyvOJK16EBW7ILaahQ
Music,79,InOriginalGroup,UCYSBo41CFBbyFXV8_k-Cx2g
Music,80,PostmodernJukebox,UCORIeT1hk6tYBuntEXsguLg
Music,81,Canal KondZilla,UCffDXn7ycAzwL2LDlbyWOTw
Music,82,Soprano Officiel,UCYne4N06sHVhRBXS0Lq5D8g
Music,83,2NE1,UCnsQjCVzmEd-YvlQZbo6zCg
Music,84,Atlantic Records,UCe4LM_eKc9ywRmVuBm5pjQg
Music,85,SmallroomOfficial,UC1T-ZwcYVQB6EpqOQD10tmw
Music,86,TheSoundYouNeed,UCudKvbd6gvbm5UCYRk5tZKA
Music,87,LOVEiS+,UCrNFXmtWRFgbMHYJpjS3_0g
Music,88,ABS-CBN Starmusic,UCIWZ1_W5BqsvW9fm1cYFPpQ
Music,89,kevingatesTV,UCj2GTFekdV3EUsTVN8oaEqA
Music,90,Clevver Music,UC4AOIba1H86FULnZ8YSyqyA
Music,91,Majestic Casual,UCXIyz409s7bNWVcM-vjfdVA
Music,92,Lindsey Stirling,UCyC_4jvPzLiSkJkLIkA7B8g
Music,93,ProstoTV,UCQuSMKcwirmoLvzR4qlKjoQ
Music,94,Daniel Aguilar,UCNSH6TNRZA794tl8fMeffFQ
Music,95,Star Academy Arabia,UCr8DuGAxtCxaKbnouZYBR7w
Music,96,UNIVERSAL MUSIC JAPAN,UCl2aT0nRejTCQO_LHZAftBw
Music,97,WORLDSTARHIPHOP,UC-yXuc1__OzjwpsJPlxYUCQ
Music,98,sanimusicindonesia,UCeJT1E956KZACTb5sVe_lSQ
Music,99,Galinha Pintadinha,UCBAb_DK4GYZqZR9MFA7y2Xg
Music,100,omarionmmg,UC0t3ejibUQ91s12D4NAaU7A
News & Politics,1,Barcroft TV,UCfwx98Wty7LhdlkxL5PZyLA
News & Politics,2,The Young Turks,UC1yBKRuGpC1tSM73A0ZjYjQ
News & Politics,3,TomoNews US,UCt-WqkTyKK1_70U4bb4k4lQ
News & Politics,4,ABS-CBN News,UCE2606prvXQc_noEqKxVJXA
News & Politics,5,JustKiddingNews,UCfPhyExfcaqJBKc3HO3cNBw
News & Politics,6,RT на русском,UCFU30dGHNhZ-hkh0R10LhLw
News & Politics,7,VICE News,UCZaT_X_mc0BI-djXOlfhqWQ
News & Politics,8,GMA News and Public Affairs,UCqYw-CTd1dU2yGI71sEyqNw
News & Politics,9,CNN,UCupvZG-5ko_eiXAupbDfxWw
News & Politics,10,SourceFed,UC_gE-kg7JvuwCNlbZ1-shlA
News & Politics,11,RT,UCpwvZwUam-URkxB7g4USKpg
News & Politics,12,ABC News,UCBi2mrWuNuyYy4gbM6fU18Q
News & Politics,13,เรื่องเล่าเช้านี้ บีอีซี-เทโร,UC5wKpLWxAZBZrunls3mzwEw
News & Politics,14,Громадське Телебачення,UC2oGvjIJwxn1KeZR3JtE-uQ
News & Politics,15,ТСН,UCXoJ8kY9zpLBEz-8saaT3ew
News & Politics,16,VideoYoum7 | قناة اليوم السابع,UCbnJMCY2WSvvGdqWrOjo8oQ
News & Politics,17,The Alex Jones Channel,UCvsye7V9psc-APX6wV1twLg
News & Politics,18,Univision Noticias,UC32TdiIsh_5X8tKr_9rKQyA
News & Politics,19,Tv9 Telugu,UC8jlKhHClMUO3kkL8ppK8Bw
News & Politics,20,TomoNews Japan,UCPv4x_sLkl8tsBCS--aoASQ
News & Politics,21,TomoNews France,UC7ZwhDs6jpReQrnKq4NUo6w
News & Politics,22,TomoNews Mexico,UC-fS05Wyc-t7zHAhCf1IZcw
News & Politics,23,TomoNews 台灣,UC778cAEgKGDmh-teUWdg-uQ
News & Politics,24,MattSteffanina 2,UCcG6zooS9BlSgiT0_ICuD0A
News & Politics,25,5 канал,UCkyrSWEcjZKpIwMxiPfOcgg
News & Politics,26,ABN Telugu,UC_2irx_BQR7RsBKmUV9fePQ
News & Politics,27,Excélsior TV,UClqo4ZAAZ01HQdCTlovCgkA
News & Politics,28,TomoNews Arabic,UC1fzsH0I-YbOwOJGHENaeQw
News & Politics,29,Cadenatres Noticias,UCcHtke0raf8vNYLM1Hbq3Jw
News & Politics,30,某国のイージス,UCyWrZ3uHnN4izMD_xlwNJVQ
News & Politics,31,TomoNews Russia,UCZGNMhT5uNJjL8zNF5tNZsw
News & Politics,32,RT en Español,UC2mtXUpAYLYJIZ2deSPhlqw
News & Politics,33,Associated Press,UC52X5wxOL_s5yw0dQk7NtgA
News & Politics,34,Al Nahar TV,UCtpL6HyBK-z16GbJguHf3JQ
News & Politics,35,Канал Украина,UCtKnY1vJ37v-KPgejc2kkBQ
News & Politics,36,Aaj Tak,UCt4t-jeY85JegMlZ-E5UWtA
News & Politics,37,RuptlyTV,UC5aeU5hk31cLzq_sAExLVWg
News & Politics,38,thairath,UCrFDdD-EE05N7gjwZho2wqw
News & Politics,39,RT Arabic,UCsP3Clx2qtH2mNZ6KolVoZQ
News & Politics,40,AlAanTV,UCqFCFEIqqh35HXvkl58CERw
News & Politics,41,Russell Brand,UCswH8ovgUp5Bdg-0_JTYFNw
News & Politics,42,KiniTV,UC9ULnkwvyofZ_sWrzRpyvrg
News & Politics,43,El Pulso De La República,UCK0_zBeybLuyXbOcHp7wmJA
News & Politics,44,BBC News,UC16niRr50-MSBwiO3YDb3RA
News & Politics,45,SourceFedNERD,UCuCLhzmx0AGnsViXF0Q44tg
News & Politics,46,TomoNews Philippines (Filipino),UCNhzTWAd0xJqc-4lhdywhxA
News & Politics,47,lifenewsru,UC-5d-QB8E4X9YYtRvU0We8A
News & Politics,48,АЛЕКСАНДР ВЕЛИКИЙ,UCl9Sqgbs6w7pZMWr4yRPjiA
News & Politics,49,Al Jazeera Arabic,UCfiwzLy-8yKzIbsmZTzxDgw
News & Politics,50,DAHBOO77,UCFjOi1ZpZVErr8EYxg8t1dQ
News & Politics,51,東森新聞 CH51,UCR3asjvr_WAaxwJYEDV_Bfw
News & Politics,52,choufmedia,UCI3ESb2GoE1w5MIKosbmutQ
News & Politics,53,Always,UCedcH2kb9dRn6qPcafYF48g
News & Politics,54,NEWS ONLINE [Только самые интересные новости ],UCQRsSpALkBcdRks8IyOE9nQ
News & Politics,55,中天電視,UC5l1Yto5oOIgRXlI4p4VKbw
News & Politics,56,ansesgob,UC8jZB1wfX7ku_QqNJ_s3KhQ
News & Politics,57,memehongkong,UCu_YquoQYKR3GpP82TO-zRw
News & Politics,58,ASTVManager VDO,UCPigm-S4qXw2PSx1UEeEChQ
News & Politics,59,euronews (in English),UCSrZ3UV4jOidv8ppoVuvW9Q
News & Politics,60,IndiaTV,UCttspZesZIDEwwpVIgoZtWQ
News & Politics,61,台灣蘋果日報,UChLEhd2gouo1H-c9Zy9WGDA
News & Politics,62,AlHayahTVNetwork,UCWuj6cpZL_T1U508Y082u3g
News & Politics,63,ONtv,UCpuCos88YFmYxjHamHhEJhA
News & Politics,64,lbcgroup,UCpE6gpKewomi17XDyPfpFjA
News & Politics,65,News-Front,UCt94dhpYV06IMOTXcGXt3eQ
News & Politics,66,TheAdviseShowTV,UCKZGcrxRAhdUi58Mdr565mw
News & Politics,67,Beyaz Show,UCiCQS255rjjYYO2KmToErjw
News & Politics,68,Sky News,UCoMdktPbSTixAyNGwb-UYkQ
News & Politics,69,The New York Times,UCqnbDFdCpuN8CMEg0VuEBqA
News & Politics,70,YTN NEWS,UChlgI3UHCOnwUGzWzbJ3H5w
News & Politics,71,HLN,UCyAN55vvo8odHHg7QY1pf5w
News & Politics,72,The White House,UCYxRlFDqcWM4y7FfpiAN3KQ
News & Politics,73,Павел Лист,UCrlQMmmJpMk85MGI49jdj6g
News & Politics,74,ThinkTank,UCdUdP5BeOsua_j3u-0ZbL5w
News & Politics,75,蘋果動新聞 HK Apple Daily,UCeqUUXaM75wrK5Aalo6UorQ
News & Politics,76,Espreso.TV,UCMEiyV8N2J93GdPNltPYM6w
News & Politics,77,Mark Dice,UCzUV5283-l5c0oKRtyenj6Q
News & Politics,78,TVBS TVBS,UC5nwNW4KdC0SzrhF9BXEYOQ
News & Politics,79,KAZUYA Channel,UCNqbJ7zpxAxC2BxPx-xmx6g
News & Politics,80,Sloviansk Polit,UCXC9lF62GFmMogWg20ValHw
News & Politics,81,Новости - Новостей,UC8CQV5pClsZeZN8EFZhTMog
News & Politics,82,SakuraSoTV,UC_39VhpzPZyOVrXUeWv04Zg
News & Politics,83,Kratkiy Obzor,UCYhnaZG7onWG7Umc7xP-maQ
News & Politics,84,Zee News,UCIvaYmXn910QMdemBG3v1pQ
News & Politics,85,Grillonautas2,UCofCm1vazOtrJu51EgF1hLA
News & Politics,86,Jason A,UCDATi9UrhqjfVNxIKNizOiQ
News & Politics,87,The Telegraph,UCPgLNge0xqQHWM5B5EFH9Cg
News & Politics,88,The Amazing Atheist,UCjNxszyFPasDdRoD9J6X-sw
News & Politics,89,whatdafaqshow,UCtJkNv0rghEOOiz87xT4C5A
News & Politics,90,Aristegui Noticias,UCafNntv_qTQB26AvbEQNHPw
News & Politics,91,Secular Talk,UCldfgbzNILYZA4dmDt4Cd6A
News & Politics,92,Was Geht Ab!?,UCNZXFLZCpYbi_AfmuQdNCLA
News & Politics,93,Комсомольская Правда,UCSK57JMV0OJL1C7V-YOEVkQ
News & Politics,94,Vox,UCLXo7UDZvByw2ixzpQCufnA
News & Politics,95,ODN,UCME81PohuzT1JMCsEtvsD2w
News & Politics,96,asianetnews,UCf8w5m0YsRa8MHQ5bwSGmbw
News & Politics,97,VOA Tiếng Việt,UCRdD55JrlRDzHeec3bKrH4g
News & Politics,98,list25,UCWqJpFqlX59OML324QIByZA
News & Politics,99,ايجي ميديا فانز,UCtoNy9eFDmHnxRDI5gmFc1Q
News & Politics,100,ABP NEWS,UCRWFSbif-RFENbBrSiez1DA
Nonprofits & Activism,1,Анатолий Шарий,UCVPYbobPRzz0SjinWekjUBw
Nonprofits & Activism,2,TEDx Talks,UCsT0YIqwnpJCM-mx7-gSA4Q
Nonprofits & Activism,3,ARAM TV - آرام تي في,UC_Ds7nedV3NqYf0zhpYti4A
Nonprofits & Activism,4,SaveTheChildren,UC7RCGWVd4j_WxIGalDkVi0w
Nonprofits & Activism,5,ARIRANG K-POP,UC_6zPf4uuteHFFctnQtEaXQ
Nonprofits & Activism,6,Jim Nduruchi,UCwJZiyiR1aDwEL3Gkm7entw
Nonprofits & Activism,7,X Factor Videos.,UCBWaR6y4B2Ca8KXg-80suJA
Nonprofits & Activism,8,Polit Russia,UCjxq8PsQ_On_-gI5LqNoVzA
Nonprofits & Activism,9,thegatesnotes,UCnEiGCE13SUI7ZvojTAVBKw
Nonprofits & Activism,10,5hourENERGYHelps,UCLAcNrfZd3Nstptyuf54OVg
Nonprofits & Activism,11,LiveNakedForever,UCHeutVHJLy04ziYbYTy4q5g
Nonprofits & Activism,12,JubileeProject,UCJjSDX-jUChzOEyok9XYRJQ
Nonprofits & Activism,13,Seka Moke,UCJY9FpmzuNm59D1RMuYcABg
Nonprofits & Activism,14,Jeziel Oliveira,UCR8Qn9s6He1Qtph73fiDmWQ
Nonprofits & Activism,15,McDonaldsRussia,UCvRH4-D8PEk2zdyprlWKs-g
Nonprofits & Activism,16,Неуловимые,UCacsg57ZIYIDtJcCif1tUeg
Nonprofits & Activism,17,PETRONASOfficial,UCP9UbyolDGFwElD1vg0oOiA
Nonprofits & Activism,18,WinxClubPowersTV,UCICPT361YqWLKV7dG44ygrQ
Nonprofits & Activism,19,be japy e.V.,UCjlRdZDuo2UW_TZu_0FvoDg
Nonprofits & Activism,20,Omaze,UC2rioA4YYH4kv2PQOXnpW7Q
Nonprofits & Activism,21,SOSbarnebyer Norge,UCzq3sPpeNtk8zhez8WnWLHw
Nonprofits & Activism,22,Anthony Carbajal,UCP74I8w5CgO6Ud9hHYfQABA
Nonprofits & Activism,23,Toronto Zoo,UCA0-tJIG3bDQKoU8nh79Vkw
Nonprofits & Activism,24,WorldStarHipHop News,UCpH_Gn_vWj-MQUlYfTp6BGA
Nonprofits & Activism,25,095TV,UCxNkdjiN-zutIFvyH5g-c3g
Nonprofits & Activism,26,AztecaTube,UCnk7bkIwjzxE_LqBmjekLBg
Nonprofits & Activism,27,Лёха Кайфовщик,UCK4K2-u8aXrVbyvmL7UZKGA
Nonprofits & Activism,28,TheBroadwayShow,UCfWqafyV4h6S_U_QpjT-6Ew
Nonprofits & Activism,29,CompassionChoices,UCTSQvwQfAkbZuMpoYs8eXKw
Nonprofits & Activism,30,JackBelozerov,UCTfkOrp_s_DhYBRCxEUVARw
Nonprofits & Activism,31,Sustainable Human,UCYv_csqWJTSfQK3vOZDJKQw
Nonprofits & Activism,32,أخبار وأسرار النجوم,UCqTE5yayQ-cWfwDkm7gcPkA
Nonprofits & Activism,33,ANONYMOUS,UCMjd-1F53XKknIcMPtAOmJQ
Nonprofits & Activism,34,AARP,UCmyGH1tjNBs2VFtVSAtmNOg
Nonprofits & Activism,35,▐►ＣＥＹＨＵＮＭ１４５,UCH7yn-yKKUkwbuWEmlwh57g
Nonprofits & Activism,36,ПУСТЬ ГОВОРЯТ ПОСЛЕДНИЙ ВЫПУСК,UCoB7kvXc3E3pt6tDL2fLb4Q
Nonprofits & Activism,37,insidevite,UCbXvIyWmJbFwQ_4IIVxEuJw
Nonprofits & Activism,38,Политическое Обозрение,UCwDSBKWg7QBm4an4E9K5c6Q
Nonprofits & Activism,39,Becauseof Camilito,UCdi7oRsTnj8NHxqa3L_zrBw
Nonprofits & Activism,40,Михаил Романовский,UCUsCsUn7qNHUAE4PHVF4cXw
Nonprofits & Activism,41,Mormon Channel,UCdNjexbIS_NKJC4ZRwKf9ag
Nonprofits & Activism,42,E1.RU Екатеринбург Он-Лайн,UCLlgzYZqJYalr3bN1315A1g
Nonprofits & Activism,43,Absolute Motivation,UCpmZQGTZXn9xd4nN59pbIWQ
Nonprofits & Activism,44,CBNMedia,UC9cn7_hZ0kq2FwAtFMXNK4A
Nonprofits & Activism,45,TVCenter,UCw5pE2GElcHeErKVyF76jjg
Nonprofits & Activism,46,ЛЕВ ПРОТИВ,UCUBoIo2p7GSRMt1YcSswDEw
Nonprofits & Activism,47,Taiwan Excellence 台灣精品,UCBYep4DVyRjdnvBmzecTrpw
Nonprofits & Activism,48,Mustafa Hosny,UCwttCEi9Fq1DgTd5Anil6rQ
Nonprofits & Activism,49,laCaixa,UCSehFH-n8YQFcnaZ92066Qw
Nonprofits & Activism,50,helpachildreach5,UCpfAIVLEdyTp-HoALoz-gRw
Nonprofits & Activism,51,Tzu Chi DaAiVideo,UClrEYreVkBee7ZQYei_6Jqg
Nonprofits & Activism,52,المخرج خالد المنصور,UCYnFCmOHHNrLYlb3lE-yYjw
Nonprofits & Activism,53,Barncancerfonden,UCv19wS9-3PU1qih-H6gVrRg
Nonprofits & Activism,54,景星 邹,UCcug5qJkYT6P48K2FUlUZzg
Nonprofits & Activism,55,ML Photo & Film,UCgeb24Fw-Hni8VkR-mBtBDw
Nonprofits & Activism,56,madameozell,UC_nMnhAqFu1Sm2yLvrWlqNQ
Nonprofits & Activism,57,Champion of Choices,UCPidUmuGaKCgQBO0GbrK1hw
Nonprofits & Activism,58,Прямой эфир,UCg-YCxiu2u54f9dcZXVPe3w
Nonprofits & Activism,59,Öz Aramızda Atv,UCviwgqjHtq__f62aiXwcdNg
Nonprofits & Activism,60,CoorDown,UCAzPsJi_SFdpPBvbiPc1DNQ
Nonprofits & Activism,61,BST TRI-MEDIA PRODUCTION,UCBkLjpvDDdKbu18iMf400aw
Nonprofits & Activism,62,ChebuRussiaTV,UCisDKiJcYo9MlA4OnY8il4Q
Nonprofits & Activism,63,Великолепный Кавказ,UCYKlvdtR9kMbkjDgENpHqiw
Nonprofits & Activism,64,satmx,UCB4aBh7CFjUPGWZDKAWYTjQ
Nonprofits & Activism,65,Vanya5310,UCC-WAxNanxTjOkT-fGioVMg
Nonprofits & Activism,66,afif shog,UCOtVx4fNTxO2nqeP8WKeV_w
Nonprofits & Activism,67,PETA (People for the Ethical Treatment of Animals),UCmQRypK6kAcujJAlYZpFW8Q
Nonprofits & Activism,68,GreenpeaceVideo,UCTDTSx8kbxGECZJxOa9mIKA
Nonprofits & Activism,69,//Accidents news,UCozTNWrw41RC5P447d2nuKw
Nonprofits & Activism,70,MaroWeltShow,UC7BLRPxLTk6iCusz2BIusyQ
Nonprofits & Activism,71,Wilmar CLV,UCoDFcx4kSN68yf6SQ5RY_UQ
Nonprofits & Activism,72,DJKevAMVsUniverse,UC5DXIGh6zwIdvhS-4Toh6Gg
Nonprofits & Activism,73,SocialFly,UCm-rJAkz2CmvzipUF2GfDCA
Nonprofits & Activism,74,Ad Council,UClwkBPKzW8h_rfZWuG_kWjw
Nonprofits & Activism,75,Wedding RU,UCP7pzZvwDZEEDCctFPNTV4g
Nonprofits & Activism,76,DORA FANCLUB,UCE1q34IyY27CI31HFkeng0Q
Nonprofits & Activism,77,White Eastern - Pepper Spray Security Solutions Malaysia,UCxms7gKBHz2cs6VSSza4YgQ
Nonprofits & Activism,78,ManKindInitiative,UC7PbpGeIZSl3FbQ9fwzvm4g
Nonprofits & Activism,79,PrimeCrimeRu,UCnkd_jcJjIFOXLZC6M2Sjxg
Nonprofits & Activism,80,jungto society,UCSsWdUwr4UonSCAVH-k0_Lg
Nonprofits & Activism,81,القناة الرسمية للشيخ د. محمد العريفي,UCaNS3on9m_7LmSpI2GC65Bw
Nonprofits & Activism,82,Pastor LOUIS Ngo,UCKqSXA4MMqy78XuPT0PX8TA
Nonprofits & Activism,83,Go For Zero,UC7HJ3_GvkRWqd8IXPKj1cFA
Nonprofits & Activism,84,مشروع  صديق الخير الرسمي,UC2g4fomHFcur19fmQnC4XCQ
Nonprofits & Activism,85,Eco-systèmes,UCilIl97a4P1V2P6n5ypwKng
Nonprofits & Activism,86,Фруктовый Сад,UClpecjOSRWOaDw66E0DaC_A
Nonprofits & Activism,87,Reckitt Benckiser Korea,UCAFviUOT4k8mlwxvnvAn8sQ
Nonprofits & Activism,88,Panadol Arabia,UC2hOXNpqlIaPB_aAozzl2XA
Nonprofits & Activism,89,Познавательное ТВ,UCs6Agc6DvG7dZ8X4wZiGR1A
Nonprofits & Activism,90,Nicki Minaj TV,UCTZkycLVSYOvB7mhhhkRnuw
Nonprofits & Activism,91,Напоминание Верующим,UCTc0mrCjv-2-F5dMeji8fmg
Nonprofits & Activism,92,NOMOREorg,UCFybDyeFlJCPYGcNJROrOZw
Nonprofits & Activism,93,ARIRANG,UC-PHIZjV-oX8H7zD1cCN2NQ
Nonprofits & Activism,94,NCS - National Citizen Service,UCBbfh65QEsK9UwEQpTmM_oQ
Nonprofits & Activism,95,فورشباب 4shbab,UCxXL3dBkzBl8v3PUl4yleyw
Nonprofits & Activism,96,Demian Ds,UC8MtFrxbHIAUN10EsgFcLUg
Nonprofits & Activism,97,truthorange,UCU6Yy6QttlTcwf96aafYHkQ
Nonprofits & Activism,98,AnimalPlace,UC5MzAFj1U6Djzw6nUnsrLjg
Nonprofits & Activism,99,The Humane Society of the United States,UCdFzLvGttlTNLAEKWU_1wAQ
Nonprofits & Activism,100,GenerationAwake,UCKBBzmtYEoV8Ec56y0K-4Gw
People & Blogs,1,BFvsGF,UCqIqRzEge-Qvt4Iglx-uKdQ
People & Blogs,2,Kan & Aki's CHANNEL,UCNHqosTdwFPSK5OQsjFoS5g
People & Blogs,3,RomanAtwoodVlogs,UC-SV8-bUJfXjrRMnp7F8Wzw
People & Blogs,4,FamilyFunPack,UCvthuVsurPaVz2a7_4LepGg
People & Blogs,5,DAMI AN | Dibujos animados en Español,UC4Pg4VMErK0WQJZI_suR7jA
People & Blogs,6,shane,UCV9_KinVpV-snHe3C3n1hvA
People & Blogs,7,Bratayley,UCnrO0wqhKpMYUt_wSeaIasw
People & Blogs,8,Carlos Valdes,UCRx3mKNUdl8QE06nEug7p6Q
People & Blogs,9,BuzzFeedBlue,UCBUVGPsJzc1U8SECMgBaMFw
People & Blogs,10,kougeisha,UCaO16EyoX6_064H0txQ0vZQ
People & Blogs,11,itsJudysLife,UCK2ACorzpH-igxuHZ2ObCEA
People & Blogs,12,Sasha Spilberg,UCJatXmy5PyaZ6gFs-NEAFWQ
People & Blogs,13,Coca-Cola,UCosXctaTYxN4YPIvI5Fpcrw
People & Blogs,14,PewDiePie,UC-lHJZR3Gqxm24_Vd_AJ5Yw
People & Blogs,15,BuzzFeedViolet,UC2GnuulpFRtTGFNuS1LKL5g
People & Blogs,16,"せんももあいチャンネル Sen, Momo & Ai Channel",UCCKJzBnveLS7oLpS8Q4m2eg
People & Blogs,17,EvanTubeRAW,UCUuU7X-e2ZRNOoBG3Cy8txw
People & Blogs,18,Smosh 2nd Channel,UCYJPby9DRCteedh5tfxVbrw
People & Blogs,19,Los Capítulos Románticos,UCCY5J2rdhDZDEWL-wah6jOQ
People & Blogs,20,Lifia Niala,UClGxTk-Oup0p6i_uVMD4ibA
People & Blogs,21,Tatia PIlieva,UCBkHxU4e4bT_q5UxhYfsGjQ
People & Blogs,22,blndsundoll4mj,UCF2oW5-MO8dB6ul9WH9xi0A
People & Blogs,23,Tyler Oakley,UCvVuqRzGVqRlmZYlTf99M_w
People & Blogs,24,KittiesMama,UCwMrVVdT2tS4_UjlqRFwQ9g
People & Blogs,25,My Finger Family Rhymes,UCBBDztEcBZrYBiE2-Cl_xmg
People & Blogs,26,ConnorFranta,UCudeRz9YntRrmKBSqnHyKGQ
People & Blogs,27,TheKateClapp,UCC83eap-hc6uFQHRJ2F2LNg
People & Blogs,28,Daily Bumps,UCyCyTe_1bT2aIPwG_gxbyeg
People & Blogs,29,Petit Ours Brun,UC736wpHH44mdw-lhKTy89ZQ
People & Blogs,30,MoreZoella,UCrUbqTCagwsaP2Fmr0p1TsA
People & Blogs,31,ТВИГР,UCDxlpTspPWgj5tiblGZbJUw
People & Blogs,32,ungefilmt,UC05uI2AIsSIi6iwu3EydNuA
People & Blogs,33,Grace Helbig,UCIiBf-JbtCazHSFqXV4JgoA
People & Blogs,34,Just4fun290,UCdPG86Ahrf9A8YzBnFDAaEg
People & Blogs,35,hitsquad617,UCuzsm6Qa5gNuyk1zezdguTg
People & Blogs,36,My Nursery Rhyme,UCmgwUR8qEQ3O6JfZB_-9WsA
People & Blogs,37,PepeProblemas,UCYYWb4JJpGZt7XhL9qxD2Tg
People & Blogs,38,Classic Toon Revival,UCLcVoPzrj9IzLQ137-KYiXg
People & Blogs,39,FunForLouis,UCVrvnobbNGGMsS5n2mJwfOg
People & Blogs,40,MoreTDM,UCmr0m5RQoEDXQY3hFBIEK3w
People & Blogs,41,MoreMarcus,UCIHHYnpaqR8njCYf9fLEgLw
People & Blogs,42,Conrad Martin,UC6nGx7jLgwEf6ormq-X2pkw
People & Blogs,43,نجوم الفن,UCQ9DCwtXyXPHL0a79qk-Yow
People & Blogs,44,밴쯔,UCYx9lhCw0u2-OoqVtEU0IMg
People & Blogs,45,Sara X  Mills,UCmEO8Dcky7tUZaK2Gcw8sFg
People & Blogs,46,SACCONEJOLYs,UCxJrnvfqSSvly5hiq2Fe68g
People & Blogs,47,Bubzvlogz,UCtEt-shvshHduBTAZju3kOQ
People & Blogs,48,Kalel Kitten,UCX0lLUgD8kvt0IWwQZI35yw
People & Blogs,49,Karina Maya DeLatore,UCNDY2dg_gWJ_qZJ7LbzHTGw
People & Blogs,50,Tollywoodmirchi.com,UCMyUqzl_H5d7deS7GHzvbzA
People & Blogs,51,InnaRomania,UCr8RbU-D7iSvpy0ZO-AasoQ
People & Blogs,52,Samsung Mobile Thailand,UCSoIuziwZeoV5bAFEr2I-Hg
People & Blogs,53,Daniel Diaz,UCd__wqtElchTWpFISZSvKCg
People & Blogs,54,harlem fetty,UC_eQfAQjj6mYj92l3SBmIdg
People & Blogs,55,Ricardo Galtieri,UC5x9HgKtKJKW61AF531hUoA
People & Blogs,56,Dek Jew Chill Out,UCsB8vGD7lRFkZMK4AkLu2Vw
People & Blogs,57,FunnyFailCompilations,UCFUUz89hX0NP6jhKbBop6pQ
People & Blogs,58,AlArabiya,UCahpxixMCwoANAftn6IxkTg
People & Blogs,59,Naruto Thailand Official,UCEORB2erQblq7nNTklPdE9w
People & Blogs,60,Theme Park Review,UCT-LpxQVr4JlrC_mYwJGJ3Q
People & Blogs,61,FaZe Adapt,UCi87kxosIT3wrnEA-mv4jWA
People & Blogs,62,RCSparks Studio™,UCxcjVHL-2o3D6Q9esu05a1Q
People & Blogs,63,VTV Showbiz,UCfxbE4_BAlry2GFoNLDXPRA
People & Blogs,64,Caillou Español,UCRq2IFa7h64OWUOKv3r2B-Q
People & Blogs,65,TropicalPower,UCjKz90jYr_0-A6CTQiWMESw
People & Blogs,66,CutiePieMarzia,UCe9oofjVfJzapRyVlt57x8Q
People & Blogs,67,LosPolinesios,UCs8qka8tfhdc69wzXYdtZ3A
People & Blogs,68,lush,UCWy8jDk2k93E0c6iGdMnt_A
People & Blogs,69,Troye Sivan,UCWcrr8Q9INGNp-PTCLTzc8Q
People & Blogs,70,Bins Toy Bin,UCKd1OjLzqPNFmDMheIED7Mg
People & Blogs,71,ExtraPolinesios,UCY8LnVxm0Hf7DKPKuLPxb2g
People & Blogs,72,Julien Bam,UCTXeJ33DzXI2veQpKfrvaYw
People & Blogs,73,SPACE RADIO,UCOY3VWW4NGQAue_rqTBtdhA
People & Blogs,74,Conpia,UC75rso1DWIZ3hka0V6hGq7Q
People & Blogs,75,QTDPRO KMusic Live,UCyl9jVeAMwfJGK0vHmp1iqw
People & Blogs,76,MUJER LUNA BELLA,UCA20sxpsvaQkWH9fZoukWJw
People & Blogs,77,potemi926,UCacD2jzduYnUw8GjZJBNPeQ
People & Blogs,78,Rclbeauty101,UCB0d0JLn1WcGYcwwZ87d2LA
People & Blogs,79,vlogbrothers,UCGaVdbSav8xWuFWTadK6loA
People & Blogs,80,Pamaj,UCPtLtJEoVSzd-zMlZaluxEA
People & Blogs,81,JoeyGraceffa,UCGCPAOQDZa_TTTXDr5byjww
People & Blogs,82,NostalgicFangirl,UCawK_iO6A0kA9J-IGF56nGQ
People & Blogs,83,TheChildhoodLife Kids and Toys,UCQMFJQrFdtsYuJvCRQj1zDA
People & Blogs,84,Redfoo,UCvFXXIn7yfM297YIycnFDWw
People & Blogs,85,Official Pink Panther,UCFeUyPY6W8qX8w2o6oSiRmw
People & Blogs,86,Markiplier,UC7_YxT-KID8kRbqZo7MyscQ
People & Blogs,87,Telenovelas incidental,UCm7L2pRYZSTATOn8jzf_TQQ
People & Blogs,88,PDSKabushikiGaisha,UCzWygEC8zQKYpCp7nwX_M-A
People & Blogs,89,sWooZie,UCUKi4zY5ETSqrKAjTBgjM-g
People & Blogs,90,SketchShe,UC4FVKG3QEgghwbnPDtfC1-Q
People & Blogs,91,MattyBVlogs,UCCCysu6ecuB4TFqzkyxLJaA
People & Blogs,92,antiher0e,UCdmY7-vlZ3zx3oJdKSGfd-Q
People & Blogs,93,فيديو مضحك,UCNLGEgoqjbOuqlI3fdFhzCA
People & Blogs,94,Kelly MissesVlog,UCHzrmjGQIw043RVffpyjezg
People & Blogs,95,Gabehash,UC7KsOyQx3vyo8B-ta6_uLUQ
People & Blogs,96,Noaptea Târziu,UCoOF5TJFkopCBciv05LLfCw
People & Blogs,97,Thiếu Nhi Nhạc,UCFsLoO2fFWI4cvh3KAXKn0Q
People & Blogs,98,Juan Pablo Jaramillo,UCRO2HUx-NQ71VPsXlfomiMg
People & Blogs,99,Miss Katy,UCcartHVtvAUzfajflyeT_Gg
People & Blogs,100,BenAnd Holly,UCSvSbpm3cCgqqZlTaj4jZRA
Pets & Animals,1,Tiger Productions,UCKy3MG7_If9KlVuvw3rPMfw
Pets & Animals,2,Kruger Sightings,UCyfZleh4w7buTzi0WfY8WqA
Pets & Animals,3,mihaifrancu,UCZSUvJTxnp7ay48TUJAf4RQ
Pets & Animals,4,Rumble Viral,UCW3T8dQVEynwj6-_DArcM7w
Pets & Animals,5,Hope For Paws - Official Rescue Channel,UCdu8QrpJd6rdHU9fHl8J01A
Pets & Animals,6,The Pet Collective,UCPIvT-zcQl2H0vabdXJGcpg
Pets & Animals,7,funnyplox,UCVUdHi-tdW5AKdzMiTPG97Q
Pets & Animals,8,AFV Animals,UChl6CG-V7LgqhfwkvbHH67Q
Pets & Animals,9,WILD ATTACK,UCRuBkiFbpucsmlw6EysD0RA
Pets & Animals,10,ignoramusky,UCkIAPBRr82MUFDiHHjw8JpQ
Pets & Animals,11,Epic Wildlife,UC10Tc1mzoPTibXDyVXFf9fw
Pets & Animals,12,PL: Funny compilations,UCaIM6y9YvfUb_IxS2reKsqw
Pets & Animals,13,Rebecca Svetina,UC14nwA6euJoytshwDMJZajg
Pets & Animals,14,Charlie The Beagle and Laura Olivia,UCXNUqOjGHwT-Fl2G-KdJgIw
Pets & Animals,15,Sharp Lion,UC5ysD5TL5WG7_pZLg1Q3sUA
Pets & Animals,16,cobra123473,UC0QpXwNHik1793EYNGZcOoA
Pets & Animals,17,CutiesNFuzzies,UCq-vSTqa-OPeMzx5fjH9w_w
Pets & Animals,18,Cordylobia Anthropophaga,UC3H9ieyNjPZf_XgduxnSCow
Pets & Animals,19,Funnyplox TV,UCF1Iftua-nEHhN-K6oL13mg
Pets & Animals,20,Cole and Marmalade,UCvmijL-eepDVHYSJHDY3d6w
Pets & Animals,21,BULL DOGG,UCKNyDWvTFd13MqtDWIkbcZA
Pets & Animals,22,CATMANTOO,UCyCm59DXgQzgIddBPI00Bgg
Pets & Animals,23,MaxAnimal,UC3C-M-gdn2-muoxQvVAxO-g
Pets & Animals,24,abo yoseef,UCq-ob73jZBpfgKkd1Pn_H4A
Pets & Animals,25,mugumogu,UCRVruzlQF5cqpw9jQgIgNdw
Pets & Animals,26,Roger Triantafilo,UCWvdu_1P8FWLNx_QhGrwAyQ
Pets & Animals,27,Animalist,UCV2P4cb6zDK0G7c9Qj0sMRw
Pets & Animals,28,DocumentalDeLeones,UCn5HgqjOdW0d1jYTtvzKCUQ
Pets & Animals,29,"Animal Aid Unlimited, India",UC4kyYTypYb3mQ6ZL25kly6g
Pets & Animals,30,Приколы с Кошками,UC6rCV44AjHlcyuuQ1Jxf3TQ
Pets & Animals,31,かご猫 Ｂｌｏｇ,UCGbOTPDlBwkN-4N85dK6U7Q
Pets & Animals,32,FunnyPetMedia,UCeZe0VwwhEf8KTI2FHfJtTg
Pets & Animals,33,Animal Wire,UCDpi86-drykZcnaDmR_4Yqw
Pets & Animals,34,brettvett1 .,UC-CTI1v_cfX9Q0pWS0QhDWg
Pets & Animals,35,Tiger FunnyWorks,UC9obdDRxQkmn_4YpcBMTYLw
Pets & Animals,36,webuser07,UCohaDz3UXnkvnAj3QdPotlw
Pets & Animals,37,Purina Friskies,UCNTHi7T0rSRhjZ6pvXxuioQ
Pets & Animals,38,Kristian Svenson,UCbt3UL5blPuHbgnLZPZVamg
Pets & Animals,39,Animal Planet,UCkEBDbzLyH-LbB2FgMoSMaQ
Pets & Animals,40,temptationsbrand,UC8HQ5RQsiUTvgDkSmkVzfvg
Pets & Animals,41,Best Animals Video Tube,UCKi3LZcC8_7doDCEAi9XonA
Pets & Animals,42,Simon's Cat,UCH6vXjt-BA7QHl0KnfL-7RQ
Pets & Animals,43,BBC,UCCj956IF62FbT7Gouszaj9w
Pets & Animals,44,la verdadera Africa,UCkzdZ9fvewhI33XAYlyzz0g
Pets & Animals,45,Rob The Ranger Wildlife Videos,UCgPYOLbcgxSBCAmlaihQyMg
Pets & Animals,46,John Ventresco,UCM_FHvqIuFMAhoj4DsonEbQ
Pets & Animals,47,CAT PRIKOL,UCYFUs5ws1FqIEw9NoqfQQug
Pets & Animals,48,AnimalBytesTV,UCCGLzU6yF7DBAIg0493j9ow
Pets & Animals,49,Animal World,UCCjSkOjpRCp9s2tORCGDSug
Pets & Animals,50,mammal land,UC3WJE8Oj9Bbzos5nhssZNog
Pets & Animals,51,Freshpet,UC5rs0KQbynTiXjyhivBUkAQ
Pets & Animals,52,elephantnews,UCiZC4ppUa90nhv4b4-WiZ5A
Pets & Animals,53,ANIMALBIOLOGIE,UCNpix5mmVuqhg94qxrsnPtw
Pets & Animals,54,1 Hour Full Long Compilation,UClsy9JcwIVaq29WhPFI0eBg
Pets & Animals,55,kohei ezaki,UCRRIBjlxfrlEtETa0i893Jg
Pets & Animals,56,Goat Farming,UCFQ4RX8Vo072j-NiNZkULOg
Pets & Animals,57,LandCreatures,UCTTIi0HrCHybiQLWg_9SY0g
Pets & Animals,58,Valerie Stevens-Scott,UCbVVazARh3MouLsUayKUXDQ
Pets & Animals,59,orapup,UCe7UlMFn6_TjAC6MENhGRaA
Pets & Animals,60,The Jungle Times,UCA4moEoWVOmDUuCP_lyKuMQ
Pets & Animals,61,Shaun Swingler,UCZUl92pJpNbvdQDPGOQ6xCw
Pets & Animals,62,Around the world,UCjdEg3t61ff5LTWrzeDnpvg
Pets & Animals,63,Leaomundo,UCkEBtZZfrNxTguvx1YEDIpQ
Pets & Animals,64,Tengo Videos De Risa,UC7yWixTW3dmfeXNsTxx8Ajw
Pets & Animals,65,Dolphin Safari,UCa53fMnMax27fsyKBP_ygSA
Pets & Animals,66,footboall-HQ,UCh9tUJYX0xSa9OwLyBe-TaA
Pets & Animals,67,chiwawa dog,UCPDMlmM_MeVAhYydERXJ9pg
Pets & Animals,68,Videos De Risa,UCZ0sPVpWCvQ4oEycxTFUdCw
Pets & Animals,69,Sphynx Kingdom TW 斯芬克斯王國 台灣,UCE7j747UY0ICJv9hZrDlxBQ
Pets & Animals,70,WildlifeGems,UCjx_CE53W9mPVO7_nVCTTkg
Pets & Animals,71,mr.Gregor,UC1vdVJMlcL3Gkq3fKP7E0Bg
Pets & Animals,72,臺北市立動物園,UCPDobokK10J8jnDtGgdyDtg
Pets & Animals,73,柴犬ひかりといちご★猫ミルキー,UCe4Gy3xDG5K0xuRKm7a6l_g
Pets & Animals,74,biodz alg,UC07CU4Lnj8U4IvhaDPdXgpw
Pets & Animals,75,AprilsAnimals,UCgTpLnSqzJntGjHLfuE2WNA
Pets & Animals,76,FunVideos247,UCJSheG47lgh1oUBaM9e4kSw
Pets & Animals,77,Don Swift,UCe66nJag7ECFSJOlWpn69Pw
Pets & Animals,78,Zf003971,UCrkSGDjXXzkQYu2GGrXVEXw
Pets & Animals,79,Peter Valko,UCYEN_02bh7qwK3buMSpws7g
Pets & Animals,80,PositiveVideoShow,UCWoz_TnrzA2szo5nuJT1enA
Pets & Animals,81,WILD MATING,UCkUTw3sAGPlNMYLVSq5aB4g
Pets & Animals,82,BBC Earth,UCwmZiChSryoWQCZMIQezgTg
Pets & Animals,83,gardea23,UCyP1SvkDY0EaCjDAJnNMLBw
Pets & Animals,84,WeirdWildlife,UC4MD5ujf1pPSQOx0iedibhA
Pets & Animals,85,HelloDenizen,UChTRw0OKvFG5k_RLBRmZ_sA
Pets & Animals,86,Munchkin the Teddy Bear,UC5wltA9W0r2OSDHj6pit9Cg
Pets & Animals,87,bodhispeak,UCDeqBZ1ES77u3J8NVh8xamA
Pets & Animals,88,PEDIGREE® Brand,UCO85ZdttYa8r2dXMDC_KlxA
Pets & Animals,89,CrazyFunnyStuffCFS,UCyGVGJRheNR9uZGUiGsNs0w
Pets & Animals,90,Aves OOI Brasil,UCzaLBeGCvk47gY522T1WVLA
Pets & Animals,91,Rajesh Parameshwaran Iyer,UCdDjyRMkXnZ1I436bf4BMGQ
Pets & Animals,92,Animal Matings,UCK9oh53NmUu0kvUWBVG34kA
Pets & Animals,93,World Animals,UCwMAOmsaV01kh10BV6QBouA
Pets & Animals,94,TheSyndicateProject,UC1ieoHqKW-yYgDhLHIcx28w
Pets & Animals,95,NGAN CHANNEL,UCaf5ipwBDdTcsV6KInx2EkQ
Pets & Animals,96,MashupZone,UCCLFxVP-PFDk7yZj208aAgg
Pets & Animals,97,OkiDokiVines,UCuxp4oKCiK7XB9fS12C0TSQ
Pets & Animals,98,Wildlife Aid,UC2GYlKSMFgAPqVZoFyw5Itg
Pets & Animals,99,Maymo,UCC7tqA6lA2QRw4BdrAEKFxg
Pets & Animals,100,SGS Birds,UCfs7cAZPhEjjDUBFeYOELug
Science & Technology,1,Samsung Mobile,UCWwgaK7x0_FR1goeSRazfsQ
Science & Technology,2,CrazyRussianHacker,UCe_vXdMrHHseZ_esYUskSBw
Science & Technology,3,BuzzFeedBlue,UCBUVGPsJzc1U8SECMgBaMFw
Science & Technology,4,TechRax,UCmlsu3V3SzIm2Jmo0S0qiMg
Science & Technology,5,"Grant Thompson - ""The King of Random""",UC1zZE_kJ8rQHgLTVfobLi_g
Science & Technology,6,Unbox Therapy,UCsTcErHg8oDvUnTzoqsYeNw
Science & Technology,7,AsapSCIENCE,UCC552Sd-3nyi_tk2BudLUzA
Science & Technology,8,Marques Brownlee,UCBJycsmduvYEL83R_U4JriQ
Science & Technology,9,DNews,UCzWQYUVCpZqtN93H8RR44Qw
Science & Technology,10,LinusTechTips,UCXuqSBlHAE6Xw-yeJA0Tunw
Science & Technology,11,SamsungMobileLATAM,UC-Qq6lh7rkV1KqV9WjmRNgQ
Science & Technology,12,Google,UCK8sQmJBp8GCxrOtXWBpyEA
Science & Technology,13,Android Authority,UCgyqtNWZmIxTx3b6OxTSALw
Science & Technology,14,5 Sposobów na...,UCLcxQ8h1PX3WgLdgnJHcCxg
Science & Technology,15,Vsauce,UC6nSFpj9HTCZ5t-N3Rm3-HA
Science & Technology,16,Pocketnow,UCO_vmeInQm5Z6dEZ6R5Kk0A
Science & Technology,17,Taras Kul,UCkDbLiXbx6CIRZuyW9sZK1g
Science & Technology,18,adrianisen,UCCiSF-QXf948TJ_sYjMPcNQ
Science & Technology,19,Apple,UCE_M8A5yxnLfW0KghEeajjw
Science & Technology,20,Tested,UCiDJtJKMICpb9B1qf7qjEOA
Science & Technology,21,AWE me,UCNKcMBYP_-18FLgk4BYGtfw
Science & Technology,22,Wylsacom,UCt7sv-NKh44rHAEb-qCCxvA
Science & Technology,23,The Verge,UCddiUEpeqJcYeBxX1IVBKvQ
Science & Technology,24,The Slow Mo Guys,UCUK0HBIBWgM2c4vsPhkYY4w
Science & Technology,25,PhoneArena,UCwPRdjbrlqTjWOl7ig9JLHg
Science & Technology,26,Google Maps,UCnIQPPwWpO_EFEqLny6TFTw
Science & Technology,27,Samsung Brasil,UCzZRyclB-vV2KHBgE7ZV3sw
Science & Technology,28,Google Chrome,UCL8ZULXASCc1I_oaOT0NaOQ
Science & Technology,29,TechSmartt,UCpT9kL2Eba91BB9CK6wJ4Pg
Science & Technology,30,Baixaki e TecMundo,UCdmGjywrxeOPfC7vDllmSgQ
Science & Technology,31,Android,UC9M7-jzdU8CVrQo1JwmIdWA
Science & Technology,32,Sony Xperia,UCoOx45FcGxN7sI2xQakj0EA
Science & Technology,33,LG Mobile Global,UCabfiEzAwNHfShgmt2Y--Yw
Science & Technology,34,Samsung Mobile Brasil,UCVfQkDXSIQwHLsaKf-kVVYQ
Science & Technology,35,Motorola Brasil,UCL-8VPSPGTDkyw7pOVVYgjw
Science & Technology,36,SmarterEveryDay,UC6107grRI4m0o2-emgoDnAA
Science & Technology,37,Яндекс,UCixlrqz8w-oa4UzdKyHLMaA
Science & Technology,38,andro4all,UCok_yhjwg4WSx3s_2Yh8ZjQ
Science & Technology,39,TED,UCAuUUnT6oDeKwE6v1NGQxug
Science & Technology,40,FullMag,UCAUTncHmFWaaNo91xg4As3g
Science & Technology,41,Austin Evans,UCXGgrKt94gR6lmN4aN3mYTg
Science & Technology,42,TechnoBuffalo,UCR0AnNR7sViH3TWMJl5jyxw
Science & Technology,43,TestTube,UCgRvm1yLFoaQKhmaTqXk9SA
Science & Technology,44,CNET,UCOmcA3f_RrH6b9NmcNa4tdg
Science & Technology,45,Numberphile,UCoxcjq-8xIDTYp3uz647V5A
Science & Technology,46,Sony América Latina,UCJpMgSf3OM3nJplxEnadV3w
Science & Technology,47,Microsoft,UCFtEEv80fQVKkD4h1PF-Xqw
Science & Technology,48,minutephysics,UCUHW94eEFW7hkUMVaZz4eDg
Science & Technology,49,DetroitBORG,UCmY3dSr-0TOkJqy0btd2AJg
Science & Technology,50,Jonathan Morrison,UCDlQwv99CovKafGvxyaiNDA
Science & Technology,51,HDblog,UCdufkvMrmyR1TMhDG8PhsJw
Science & Technology,52,kipkay,UCzNAswnSN0rZy79clU-DRPg
Science & Technology,53,carsandwater,UCmxCoyvGU3IndS7bm9oH3Vg
Science & Technology,54,amazon,UCkLXELm63_pH7L-r-548kig
Science & Technology,55,NCIX Tech Tips,UCjTCFFq605uuq4YN4VmhkBA
Science & Technology,56,Iraqveteran8888,UCWJHDMgKWWvOsdyRF3HPVEw
Science & Technology,57,Huawei Device,UCM_zp2dVNflkGFWAFM_N7lg
Science & Technology,58,Motorola Mobility,UCJkBIeTewoQGgtviUe5LH_g
Science & Technology,59,Atraviesa lo desconocido,UCnpy6aaJeb29DZJ8bsCgRiQ
Science & Technology,60,thirdphaseofmoon,UCuBPlZTF6TGO0g58QgcgsxA
Science & Technology,61,TAOFLEDERMAUS,UCNEZ7cqaZzYLeyWfTkelkEA
Science & Technology,62,Vsauce2,UCqmugCqELzhIMNYnsjScXXw
Science & Technology,63,DigitalRev TV,UCuw8B6Uv0cMWtV5vbNpeH_A
Science & Technology,64,OHA diyorum!,UCMC76gnod0teGEDlpt3IHwA
Science & Technology,65,CanonUSA,UCvqs9r3h9dh87lRHSatDpNg
Science & Technology,66,PhoneBuff,UChYU73igK5wQhWAXPh3X8PA
Science & Technology,67,Mashable,UCL8Nxsa1LB9DrMTHtt3IKiw
Science & Technology,68,Nerdologia,UClu474HMt895mVxZdlIHXEA
Science & Technology,69,Geekyranjit,UCO2WJZKQoDW4Te6NHx4KfTg
Science & Technology,70,SamsungArgentina,UCVxotPxp9JUc4wBWmdyXhYQ
Science & Technology,71,GalileoRU,UCpNzWUlO6PVb_v7chefBnig
Science & Technology,72,Cellphone S,UC9Pj0EUibBF295jWHRSDJqg
Science & Technology,73,Turkcell Superonline,UCH0i7KfVUWJTrrgwyIltJMA
Science & Technology,74,Surface,UCGS474QoP8SCnSo6hOCaayA
Science & Technology,75,MARCIANOPHONE,UCCGiOPUPTlQupYmDMpUxB4A
Science & Technology,76,lavapix,UCuGPetPDhu7H4C_idZ5qu7A
Science & Technology,77,Samsung Mobile USA,UCnEdfCdbxJJ9ouWKLSRCRRw
Science & Technology,78,Techquickie,UC0vBXGSyV14uvJ4hECDOl0Q
Science & Technology,79,webtekno,UC26buublzO30XpR-KP2TfAw
Science & Technology,80,samsungturkiye,UCSo_it8y_WM0dLlvuOs34Zg
Science & Technology,81,Google Nexus,UCUjlPym2cxucUVPdE8kYOOg
Science & Technology,82,LG Türkiye,UCtpdg7cmwSNkCtU57hGDm9A
Science & Technology,83,PhoneDog,UCsW36751Gy-EAbHQwe9WBNw
Science & Technology,84,Skype,UC89aNJlaople1Mxq4dYfyGA
Science & Technology,85,Rozetked | Обзоры,UCDF_NIAEkcAUvzxe1DUzaQA
Science & Technology,86,SamsungTomorrow,UC2C-970d2o-YGLPqsG6FcWQ
Science & Technology,87,MinuteEarth,UCeiYXex_fwgYDonaTcSIk6w
Science & Technology,88,julsaintjean,UC-GI5LST5T3Gw93yZxjdFaw
Science & Technology,89,RoseMassage Yip,UC6SONgSg4lR9v5-neA4DL1w
Science & Technology,90,Samsung Australia,UChO7xlACgCNpOOIA3Wk6MVQ
Science & Technology,91,Pro Gadget Review,UCPrbArysdf6neOcQPaxzxFg
Science & Technology,92,SamsungChile,UCb95GzFiBNC8LgSh7Lituuw
Science & Technology,93,Samsung Indonesia,UCj5WaQjidIovKdKx2-hCtuw
Science & Technology,94,Jailbreak - iOS 8 - iCrackUriDevice,UCwiIs5V6-zX8xaYgwhRhsHQ
Science & Technology,95,brusspup,UCeQEKFH31vvD-InkTGSvCrA
Science & Technology,96,clipset,UCYkoAtIMi6oFG_8SO5YrauQ
Science & Technology,97,Google France,UC6KUvtitNkyAZdJpR03DAHg
Science & Technology,98,DU Apps Studio,UCyBQbjyvfPlnoPJmnFHJXTg
Science & Technology,99,Tinh tế,UCyQobySFx_h9oFwsBV0KGdg
Science & Technology,100,01netTV,UCUaHJ0fTA-1theR8A8Polmw
Shows,1,Маша и Медведь,UCRv76wLBC73jiP7LX4C3l8Q
Shows,2,zeetv,UCppHT7SZKKvar4Oc9J4oljQ
Shows,3,Теремок ТВ,UCxWkNmkeAL52VTJyBlIJRXw
Shows,4,fixiki,UCs_uv3QyUIQjBoL1Ij5BdlQ
Shows,5,starplus,UC-LPIU24bQXVljUXivKEeRQ
Shows,6,SET India,UCpEhnqL0y41EpW2TvWAHD7Q
Shows,7,Colors TV,UC55IWqFLDH1Xp7iu1_xknRA
Shows,8,Get Movies,UClZkHt2kNIgyrTTPnSQV3SA
Shows,9,Vijay Television,UCvrhwpnp2DHYQ1CbXby9ypQ
Shows,10,Лунтик,UCdgDIIKpFlpHB1L0LZnh5EQ
Shows,11,Mother Goose Club Playhouse,UC6zPzUJo8hu-5TzUk8IEC2Q
Shows,12,Барбоскины,UC2el0G8cIcOOdjlHy2KOBkQ
Shows,13,This is Хорошо,UCPT9_sNLoBLjH1uea7zpVIA
Shows,14,SAB TV,UC6-F5tO8uklgE9Zy8IvbdFw
Shows,15,Asianet,UCp_r6Z-Oh0YTf-ym71z5Nqg
Shows,16,Kids Tv,UC7Pq3Ko42YpkCB_Q4E981jw
Shows,17,VikatanTV,UC-lJ-F5mlPP6SYPkkq6gjwA
Shows,18,EBSKids (EBS 유아),UCx_dzPI6efSohgtOkAG43-A
Shows,19,Comedy Nights With Kapil,UCyfkoMQeJOoEt3ZhY3PI6Uw
Shows,20,MBCentertainment,UCiBr0bK06imaMbLc8sAEz0A
Shows,21,Monstercat,UCJ6td3C9QlPO9O_J5dF4ZzA
Shows,22,CTFxC,UCvphW8g3rf4m8LnOarxpU1A
Shows,23,Beyond The Trailer,UCAXR2zenCwvRIyQd9ydtfaA
Shows,24,TVSmeshariki,UC5A-Wp9ujcr5g9sYagAafEA
Shows,25,etvteluguindia,UCSs9H1cyB3OHdy8wkit8ZKg
Shows,26,Капуки Кануки,UCBNXKrniCm4Qd9v5tTzY-aA
Shows,27,RadaanMedia,UCxhPXCaIGhyt2HOrJkoVuGA
Shows,28,eDewcate,UCGhV3ncQJx4XNavXrFFTa0w
Shows,29,Pocoyo - English,UCdknlZNiH-2VWrvjXkx9dJA
Shows,30,Televisa Telenovelas,UCKyU-wd-KY4PMOcOpPQgQcw
Shows,31,Клуб Микки Мауса,UC-k_r0Z_2rylnG09FGIkghg
Shows,32,Rooster Teeth,UCzH3iADRIq1IJlIXjfNgTpA
Shows,33,Pocoyo,UCnB5W_ZJgiDFnklejRGADxw
Shows,34,zeetvtelugu,UC3PYGKK29qJ0zu-eEthHK4g
Shows,35,lifeok,UCCy2rLnGdwoJcSAtixNdsPQ
Shows,36,zeetamil,UC_wIGmvdyAQLtl-U2nHV9rg
Shows,37,MxTrailers - Latinoamérica,UCFDuHygwf1RyH8j7cBsFObA
Shows,38,CNET,UCOmcA3f_RrH6b9NmcNa4tdg
Shows,39,Robocar Poli,UCBaxgHbxxRGhvVxx3bniTqw
Shows,40,Medcezir,UCOuMB2WSX_7uGEGGjjEeFTw
Shows,41,Маша та Ведмідь,UCHZcTOQMlcCmONp5Apm6qSQ
Shows,42,Azteca Novelas,UCq49Dchmdahq2tS9TJCv7XQ
Shows,43,MBCkpop,UCe52oeb7Xv_KaJsEzcKXJJg
Shows,44,starjalshaindia,UCvMd32ON30vh2bd-_A5KA1A
Shows,45,JTBC Drama,UCkbJc8jMcTXwhtmN5VMwfXg
Shows,46,La Rosa de Guadalupe,UCjc-swOwNYV8d8s_1y_j7zg
Shows,47,Masha and The Bear,UCu59yAFE8fM0sVNTipR4edw
Shows,48,MySpassde,UCGcheBSVngQt09ubb0BZyJw
Shows,49,tvN DRAMA,UC9w-h_ciMmX64TcLRcb1xPg
Shows,50,Поиграем вместе!,UCUR3HajOsZ-KycZn8HI2Nhg
Shows,51,ScrewAttack!,UCB9_VH_CNbbH4GfKu8qh63w
Shows,52,LetsPlay,UCkxctb0jr8vwa4Do6c6su0Q
Shows,53,Kara Para Aşk,UCQ3YBTfFqOelvIjk5TLXlfQ
Shows,54,Уральские пельмени,UCq2xl8Soe_NxR9EzLmahcTA
Shows,55,Karadayı,UCTQ6d7W2JRulB1Pd-9wCsAw
Shows,56,Озорная семейка,UCR5MHWsppEOak1jGTR3dJ2Q
Shows,57,VisionTimeTamil,UCOpUWgNJq1kUlB3Z5KM7X-A
Shows,58,Куми-Куми,UCF_1C_TUmcGoFqYKkcc85Yg
Shows,59,zeemarathi,UC82o9tQyo_cJhtyoFi-ROEw
Shows,60,Machinima,UCcMTZY1rFXO3Rj44D5VMyiw
Shows,61,Astro Gempak,UCfztuMBrL9F-KqLZk_SY9TA
Shows,62,Sp4zie,UCmtQGojT9O2LVzVIVKDGEjw
Shows,63,cobanermani456,UCtr2VqYDR7mx0Q15jOfK1vg
Shows,64,Armenia TV,UCLE2DRceHB_EZJA0esMjU4g
Shows,65,BobGmbH,UC8ZcDHb1WKZnzmDCUoT8IVA
Shows,66,RajTVTamil,UCiNANhNp8yGjuRuBld0YOlw
Shows,67,Star Media,UCB4BRxXp2TsMCe8kU29h3Qw
Shows,68,EBSDocumentary (EBS 다큐),UCFCtZJTuJhE18k8IXwmXTYQ
Shows,69,Trump,UCsQnAt5I56M-qx4OgCoVmeA
Shows,70,tvN,UC78PMQprrZTbU0IlMDsYZPw
Shows,71,ntvru,UCsA_vkmuyIRlYYXeJueyIJQ
Shows,72,SNL코리아,UCsRIHt5FkbGc6cQtCxt-ufA
Shows,73,channelvindia,UC7tQCPynoSf7Dgj-knC-aOg
Shows,74,Colors Kannada,UCGDwFBgtKO4M7AaTCY3jMLw
Shows,75,Electro Music TV,UC6AHeJa7s9-Brs6VyXy6Dwg
Shows,76,MBC Every1,UCPde4guD9yFBRzkxk2PatoA
Shows,77,Вечерний Ургант,UCzlzGhKI5Y1LIeDJI53cWjQ
Shows,78,danceindiadance,UCyU0H_poeSOraMD2y9Vku6A
Shows,79,FTD News,UCY-nD3MKsBeZtLHi3772eSg
Shows,80,televisamtyoficial,UCGDJLLphnP0zQQaE3kgo5Wg
Shows,81,zeebangla,UCeMsqI6jU9WE2ctsrbxbywQ
Shows,82,UberDanger,UC-XXmB9IHCUdteHjgmmsaeg
Shows,83,Star World,UCa0ZcLPHL2QY1p1xqBCYedQ
Shows,84,bindass,UCzo5sreD2cVGu2T2mNu__1Q
Shows,85,Games-TV,UCoOLXuyAZa4G_GRWOpeyXaA
Shows,86,Green Gold,UCiBigY9XM-HaOxUc269ympg
Shows,87,HooplaKidz,UC3djj8jS0370cu_ghKs_Ong
Shows,88,gamespot,UCbu2SsF-Or3Rsn3NxqODImw
Shows,89,♥ Home of Disney Princess Games,UCEXFDIAmobI0x7D7rnuCE7Q
Shows,90,UPlayNetwork,UCRDrPY1NcBSjut1q65-Ydbg
Shows,91,La7 Intrattenimento,UCvASwurO-KQMoLVHWKdwT_w
Shows,92,RocketJump,UCDsO-0Yo5zpJk575nKXgMVA
Shows,93,Godson - Clash of Clans,UCsr2PfJA9b-vM9qeDS4a_Qw
Shows,94,BadComedian,UC6cqazSR6CnVMClY0bJI0Lg
Shows,95,MAA TV,UCJF4y2nyCCrDKTgA7dxz1Qw
Shows,96,Sam Green,UCyRJT1Crn3uwKJ4VHHr0CBg
Shows,97,Vagabonds,UChxaVQzXj3noXD5QHBWXfEg
Shows,98,samaatvnews,UCJekW1Vj5fCVEGdye_mBN6Q
Shows,99,OnStyle,UCBHNpZdf3he6kvzyescOBAQ
Shows,100,2MTV,UClozwh5URilIQpDFeXch8qw
Sports,1,WWE,UCJ5v_MCY6GNUBTO8-D3XoAg
Sports,2,NBA,UCWJ2lWNubArHWmf3FIHbfcQ
Sports,3,Nike Football,UCNhxq7He5p-_FdBh0OaxcQg
Sports,4,GoPro,UCqhnX4jA0A5paNd1v-zEysw
Sports,5,Dude Perfect,UCRijo3ddMTht_IHyNSNXpNQ
Sports,6,freekickerz,UCC9h3H-sGrvqd2otknZntsQ
Sports,7,HeilRJ,UC-KQIG4-dyR1kIHCQFOJ-hQ
Sports,8,adidas Football,UCaQHxlbPAmh7VWRudyRkwjw
Sports,9,Red Bull,UCblfuW_4rakIf2h6aqANefA
Sports,10,UFC - Ultimate Fighting Championship,UCvgfXK4nTYKudb0rFR6noLA
Sports,11,FEEL MY STYLE,UCYG6DQUw79szmnuNux_S8pg
Sports,12,NHL,UCqFMzb-4AUf6WAIbl132QKA
Sports,13,Bundesliga,UC6UL29enLNe4mqwTfAyeNuw
Sports,14,ESPN,UCiWLfSweyRNmLpgEHekhoAg
Sports,15,MLB,UCoLrcjPV5PbUrUyXq5mjc_A
Sports,16,Fútbol Para Todos,UCAGaiAGJg1B3l-hpLpPcdvg
Sports,17,La Liga,UCTv-XvfzLX3i4IGWAm4sbmA
Sports,18,FC Barcelona,UC14UlmYlSNiQCBe9Eookf_A
Sports,19,Real Madrid C.F.,UCWV3obpZVGgJ3j9FVhEjF2Q
Sports,20,Dawk Ins,UC-Ba10Rmz8pFivAVdQNeFyw
Sports,21,CriRo7i,UC0IxHRxK25VyVoMddDKioQg
Sports,22,ESNEWS,UCI-Oq7oFGakzSzHFlTtsUsQ
Sports,23,FIFATV,UCpcTrCXblq78GZrTUTLWeBw
Sports,24,adidas,UCuLUOxd7ezJ8c6NSLBNRRfg
Sports,25,TNA Impact Wrestling,UCOp8wkVqdrWbFYHjDv946QQ
Sports,26,shosports,UCFPoJNd0d4k1H9A6UOlikcg
Sports,27,442oons,UC4SUUloEcrgjsxbmy_rQQXA
Sports,28,FOX Sports,UCwNqHDsnBCKT-olwJwIFyfg
Sports,29,Football Daily,UCbWUEnTRHb3bRdrnovq8iuA
Sports,30,CrossFit®,UCtcQ6TPwXAYgZ1Mcl3M1vng
Sports,31,JavierNathaniel,UCleo0cLOSiib0W62-GK1KdQ
Sports,32,AshStudio7,UClvgyQvIplPQU8N73vPlFUA
Sports,33,RIDE Channel,UCX9_Ks1MXuwXCmtt0fOFsxA
Sports,34,GD's Latest Highlights,UC7zHLmbmASW9zmLW8WpFm1g
Sports,35,Peradze,UCoNoB5_bbbmvVrlOoePltSA
Sports,36,Desimpedidos,UCFjrDmEnxrG5TRGVO0TPHLA
Sports,37,ESPN1stTake,UCIIKPy27YWW5yhc0qvr4KnA
Sports,38,hickok45,UCvB3solmhqtgDeLpD-yTtfg
Sports,39,Gillette Latinoamérica,UC7e-HT5JNFBruAKvADJrqFQ
Sports,40,spotv,UCtm_QoN2SIxwCE-59shX7Qg
Sports,41,KICKTV,UCEPKlFeUjRY_1mpZP8GnkVg
Sports,42,Sky Sports,UCE97AW7eR8VVbVPBy4cCLKg
Sports,43,Rich Piana,UCJHroOyfde4rZLTL2Zmk1UQ
Sports,44,SkillTwins - Tutorials - Gameskills - Freestyle,UC5EKlflss5IVgIfI4-sjd9w
Sports,45,Futbolero2012HD1,UCymUPSH33VdwLa0vpY-18Dw
Sports,46,MotoGP,UC8pYaQzbBBXg9GIOHRvTmDQ
Sports,47,RockStar Deportes,UCLvBQc5EMnZbfjrU4EFUxqw
Sports,48,Fútbol Suramericano,UCko9jNGOhjjImjZRv7He0sg
Sports,49,PacificLeagueMovie,UCrjlKkKTAyNn6gekRM3p0Aw
Sports,50,MerkinMuffly,UChuulyyrq3ixbxixG0iaAhw
Sports,51,PGA TOUR,UCKwGZZMrhNYKzucCtTPY2Nw
Sports,52,GD's Extra Highlights,UCXLZTfAmUTr1lGtlMKhC7sQ
Sports,53,SevenGymnasticsGirls,UC8iOxoMyDKmcVO8TL_20kyg
Sports,54,قناة نادي الهلال السعودي,UChM_8YeNCava2-OSbgbpe_w
Sports,55,Fausto Murillo,UCbVNBFaRkgL-6kg92q1fsYw
Sports,56,FIBA,UCtInrnU3QbWqFGsdKT1GZtg
Sports,57,PUMA,UCZq427EjGqUbV6pZIjEKkgg
Sports,58,FullTimeDEVILS,UC7w8GnTF2Sp3wldDMtCCtVw
Sports,59,Global Cycling Network,UCuTaETsuCOkJ0H_GAztWt0Q
Sports,60,EliteMixtapes,UCbfqyzIlmkHPXsjVCjp1cGA
Sports,61,nikefutebol,UCGv-qJBu7fJigxUy5zYD3Eg
Sports,62,Workout Music Service,UCOPYfuB--fFoeU7eUM46LLA
Sports,63,Felix UK,UCTgVl5peu2WD7LhbLDdmfgA
Sports,64,Manchester City FC,UCkzCjdRMrW2vXLx8mvPVLdQ
Sports,65,FootballTricksOnline - Tu Club,UCU0nCk_dDYf2PavgLbfgihQ
Sports,66,ArsenalFanTV,UCBTy8j2cPy6zw68godcE7MQ
Sports,67,cjzerovids,UC5gMqlsgo6OUu9AjBosggcw
Sports,68,The Berrics,UCVq1Crat76rKsgu6WosKwmA
Sports,69,gymvirtual,UCfwP2H1CDJvssk6g2pm8EgA
Sports,70,Rule'm Sports,UCaMaKqlQl3XrQNh5Fysf0rQ
Sports,71,Copa90,UCFIdU1RkuRd26YDA7lerfEQ
Sports,72,PhysiquesOfGreatness,UCh0wrs-8ywjgZO7flfSmlqg
Sports,73,The Fumble,UCojyGFb8W2xxSsJ5c_XburQ
Sports,74,SomeHockeyVideos,UCiliG5VxHNHJR4ooEW0R0dQ
Sports,75,WatchMojo.com,UCaWd5_7JhbQBe4dknZhsHJg
Sports,76,Fútbol Mundial,UCqD6hpfLEIF9Rs4hMoNhR2A
Sports,77,FootballTv,UCeTa-D2M_j_J7aKfLUcRFxQ
Sports,78,BeanymanSports,UCiVg6vRhuyjsWgHkDNOig6A
Sports,79,Star Sports,UCmqfX0S3x0I3uwLkPdpX03w
Sports,80,Teo CRi,UC740ilqsaYlnp0CFdYQoowA
Sports,81,fighthub,UCwdVyruxCCqMR4DtPLhtwlg
Sports,82,Ligue 1 (Officiel),UCQsH5XtIc9hONE1BQjucM0g
Sports,83,Cut Media,UCmxXNp3EErSfvSXti76x3hA
Sports,84,Sports Illustrated Swimsuit,UCW7ck0jRwnXqmShjGdsaoPA
Sports,85,ScoutNationHD,UCv-Or279OlKoOTvbUPkcWTg
Sports,86,FC Bayern München,UCZkcxFIsqW5htimoUQKA0iA
Sports,87,Ashok Gamer,UCAHWfoEatNl3QFloR8i5xzQ
Sports,88,Netshoes,UCeC_8IujSypd1ZK_Rm1Yt8w
Sports,89,Mobily,UCOYX2-hHsEOn6dbTg9mb9lA
Sports,90,Monster Energy,UCg1uYO329KcAEN-PQdoQMKQ
Sports,91,World Surf League,UChuLeaTGRcfzo0UjL-2qSbQ
Sports,92,hockeyfights.com,UCxplsYwPGQVKyiopBAdCMYA
Sports,93,iNJRHD,UC4vWADRIGxBekUhQanBdWDw
Sports,94,Official ITTF Channel,UC9ckyA_A3MfXUa0ttxMoIZw
Sports,95,watchnba201415,UCoZjwhP-clj1ZRKVZhm-T4w
Sports,96,Roland Garros,UCF3K1Jf8hjFW8qliei8fQ3A
Sports,97,NikeWomen,UCvnCDhh9gtyky_thhnNrhTA
Sports,98,Messi TheBoss,UCAXvfUwC7SIoC6f2ATpNfMg
Sports,99,larsandersen23,UCJZ94qp4dtCw0Q5UQqAkg7w
Sports,100,Karl Ess,UCtg17AAUcgsfmTZ7cOojgpA
Travel & Events,1,Inside the Magic,UCYdNtGaJkrtn04tmsmRrWlw
Travel & Events,2,Turkish Airlines,UCSK1_qvsEuTNZnvLQvNRLGQ
Travel & Events,3,Disney Parks,UC1xwwLwm6WSMbUn_Tp597hQ
Travel & Events,4,fliptopbattles,UCBdHwFIE4AJWSa3Wxdu7bAQ
Travel & Events,5,HDBroadcaster Dotcom,UCE0ikSo6LIH-lAoaq2a4lEA
Travel & Events,6,Dner,UChr1sKJ27Fr6WZxAlusbo_w
Travel & Events,7,Visa,UCvqKb7KRw1vbkYiJihoYE8w
Travel & Events,8,Air France,UCt6_7e1yAZxhn5E2ojiZA6w
Travel & Events,9,"せんももあいチャンネル Sen, Momo & Ai Channel",UCCKJzBnveLS7oLpS8Q4m2eg
Travel & Events,10,CaseyNeistat,UCtinbF-Q-fVthA0qrFQTgXQ
Travel & Events,11,on the roofs,UCiBCfXg5HoSxWQ9vMXUJbgg
Travel & Events,12,KLM,UCOzdP6ZlqpPKDdx7zibzJmw
Travel & Events,13,Youtube Space,UC0tBaAQC0SIWnQv5JhoobZg
Travel & Events,14,flugsnug,UC1PloUeSfZql4wbCRM8_2AQ
Travel & Events,15,AirAsia Thailand,UCsk6PjpDJF5nr6x2xMB2cPg
Travel & Events,16,Airbnb,UCCww-R0oM_CQWXerBcNyKKw
Travel & Events,17,Fabinho da Hornet,UCZMBZEfvGdlTpOZm-fLY2lQ
Travel & Events,18,はいじぃ迷作劇場,UC-km1012mEUQQLGxggmrazw
Travel & Events,19,İsolated Tribes,UCVLfiouwrA-VoluheMvpHWg
Travel & Events,20,陳玉珠,UCNMJyN1E369HwCI2viLCIyA
Travel & Events,21,MoranDays,UCHqibHqO1A1F66jHPvNmw_A
Travel & Events,22,Attractions Magazine,UCFpI4b_m-449cePVasc2_8g
Travel & Events,23,TheGacchannel,UC_4S7M87Wl_uE9tBtrxA_NQ
Travel & Events,24,trivago,UCwznTWIqJj4QabmxMMuZk8w
Travel & Events,25,mazmexico,UCM-N7EdUjsbEWCOEHuxta4w
Travel & Events,26,Air New Zealand,UCtQp6YD3Uc7Q439xlWL6APA
Travel & Events,27,WCecogo,UC9QCCu-gIHaJq9XBTVY741g
Travel & Events,28,DowntownDubai,UC9wLG7UmlTKmjWI3Ri9-CqQ
Travel & Events,29,momondo,UCqyI8UwvJ1_j1Aql6-YT9kw
Travel & Events,30,MouseSteps / JWL Media,UCe-gHr2O_LP7t0YJYHZQZlg
Travel & Events,31,Expedia Canada,UCWxoNGr-Uk9ql-r8upHmLWA
Travel & Events,32,한방,UCK0KigJ2jJ8UXKySrV77KJA
Travel & Events,33,lor last,UCg0ZYSzrWpf2WRVSfiN1bXQ
Travel & Events,34,Turkey.Home,UCtxMrki2fnCPG3GOX4kyINg
Travel & Events,35,MKR Online,UCZEbOOiNiR7pjE2Adb7TUrA
Travel & Events,36,INFINI HD 4K ( dan201 ),UCUFNaNGi3lnBPq4gtdfJCAA
Travel & Events,37,Malaya Istra,UCCpmnmVYe2vhot50IBFsT-g
Travel & Events,38,WildFilmsIndia,UCixvwLpO_pk4uVOkkkqP3Mw
Travel & Events,39,WestJet,UCubOJL-OS1UnYpsZVKboAxw
Travel & Events,40,Alexandr Antopulo,UCXN6dUO4RBUs2FAK1e9Qq7A
Travel & Events,41,Орел и Решка,UCH4KR4_UxYIfQDTHaPeMWtg
Travel & Events,42,BestDay .com La Experiencia Más Confiable en Viajes,UC--NQCwTnFcXDWpNd7kXE6w
Travel & Events,43,Luis Morales Fukutake,UCebJXxmGVwRuYJhyNPXj03w
Travel & Events,44,AlaiNet,UCmBnutz50JW-jAuYz21URIg
Travel & Events,45,Ab-in-den-Urlaub.de,UC026Lbh9_gRAReUL6hUGR_w
Travel & Events,46,morecaspar,UCUxbV_ewlfeaIHN-qSrQsIg
Travel & Events,47,DOT Philippines,UC_yCORmIAJntXQDSHs4iFcw
Travel & Events,48,師走人見,UCvTqpl1DVmGBALUe3tn5Rlw
Travel & Events,49,DHL Africa,UCfsVJuytT01LF52dnPRbssw
Travel & Events,50,Disneyland Paris,UC1t74cS15eURW0YCpsRaDuw
Travel & Events,51,Корабль (сериал),UC7YQL5pKCcaB3ZZ8lSibYmg
Travel & Events,52,三立電視,UCPARDnYdJQBJID-qyefVKcw
Travel & Events,53,SandalsResorts,UChm_03-6BrDwBi5cEizOwPA
Travel & Events,54,Atlantis Paradise Island,UCUI17lXQLChtjCveKMq7Xbw
Travel & Events,55,Malaysia Truly Asia,UCnTJRksbHP4O8JSz00_XRQA
Travel & Events,56,Alex Chacon,UCk4Du9D3ai1FTbuI_-86T6w
Travel & Events,57,Egypt,UCbEsrYwtICShIo_VPoBCQGw
Travel & Events,58,failarmy2ndChannel,UCeWFTANmqJVW8HheFGxCDuA
Travel & Events,59,Primecutpro,UCSP83kLuC54Rz5EOr_a-Q1Q
Travel & Events,60,Mayday Air Crash Investigation,UCsLU6hQxEYuRSsJIBB-vsfg
Travel & Events,61,RT Documentary,UCx8LIRh6VuPamPrqYDNF2QQ
Travel & Events,62,MrHotsia,UC4sV96Zpur2FwBcR4E-5e0A
Travel & Events,63,flymepegasus,UCSLj7KIkNtX_3uiAjM-xyjw
Travel & Events,64,DailyMandT,UCMuPLU5S9vVC5tZAiPVt4HA
Travel & Events,65,Gung Ho Vids,UCBeWGn3mho4_5Og6D4jHbXw
Travel & Events,66,Tomate el día distinto,UCNrfpyNlkBW63rgTwX1fGgw
Travel & Events,67,Hotel Urbano,UC-1yUeIiN57anOtGe-rAqrw
Travel & Events,68,Captured Events,UCxcmJGKiWhTZ9WHizqPhOHg
Travel & Events,69,Олег Ляшко,UC7KGv_YorzF-Lgu-Wvo1BQw
Travel & Events,70,Mark Wiens,UCyEd6QBSgat5kkC6svyjudA
Travel & Events,71,ThemeParkHD,UC37BPLRnJzSuPwbV07F2PUQ
Travel & Events,72,Theme Park Review,UCT-LpxQVr4JlrC_mYwJGJ3Q
Travel & Events,73,マックスむらい,UC5Y35HzjHnxi2Dk8Xk8Cllw
Travel & Events,74,Krzysztof Gonciarz,UCzuvRWjh7k1SZm1RvqvIx4w
Travel & Events,75,Emirates,UCJ6jdm9qTla9Lp3Jf-TPwbg
Travel & Events,76,LAN en Chile,UC7Uibumwcqq1yOvlK9yq7nw
Travel & Events,77,Love GREAT Britain,UCs9cbcgCbWXdPxJcEOrcR4g
Travel & Events,78,Natoo,UCtihF1ZtlYVzoaj_bKLQZ-Q
Travel & Events,79,Visit Brasil,UCEk8sB5zrlcxX0eulXuJOMA
Travel & Events,80,iThemePark,UCo83OnV1SoOZHPQd1UNMx-g
Travel & Events,81,Visit California,UCk_5HwLfgy-eALpm879J5Ag
Travel & Events,82,Thai Massage Services,UCLcVrMNmnc3wnjm5IbZ8vgQ
Travel & Events,83,Goibibo,UCtA_y4C_AlqB3Kx9g5UArEg
Travel & Events,84,Imagine your Korea,UChhOtjq-3QyyLmP2jv9amrg
Travel & Events,85,Amaz Hearthstone,UC-kezFAw46x-9ctBUqVe86Q
Travel & Events,86,Carrefour Taiwan,UCk0luhBaSfPWo4Cmyt0EDew
Travel & Events,87,Bear Grylls,UCvsR0XwKGGgu0CBSFnjsHLg
Travel & Events,88,HolaSoyGerman.,UC9MzPV0ePChsUMkbyE6JDPQ
Travel & Events,89,CMRFalabellaCL,UCr5DGWo5YKsV7qg8vfPDsOw
Travel & Events,90,Transport for London,UCmh0HDSxGTWjcll5mcfEhGA
Travel & Events,91,unge,UCT2kGKUWtH4Z69N3cs4VQBg
Travel & Events,92,✈Visit Ecuador and its Galapagos Islands,UC9J6h__xG-TgmrGz9bRJdDw
Travel & Events,93,Qantas,UCUS_IE2XRoSvAiaKzOql21g
Travel & Events,94,Dek Jew Chill Out,UCLWOQczGioqjwq4sfNPa0vw
Travel & Events,95,Holiday Inn Hotels & Resorts,UCTZYP-LKaYLz1IiUPq6eFlg
Travel & Events,96,Muhsin Rosnaini,UCM1Rrngv-XT2yHGxQK1tWUQ
Travel & Events,97,Terry Tufferson,UCHH9FQBvo3X4Vmf78c0OASw
Travel & Events,98,matichon tv,UC3S5gtXjd522gCtjOkYRUwg
Travel & Events,99,wp jrnl,UCDDNDbbLT00jTrpuOyJKfiA
Travel & Events,100,biodz alg,UC07CU4Lnj8U4IvhaDPdXgpw
